District,Plant,2019-20_Area_ha,2019-20_Production_MT,2019-20_Yield_kg_ha,2020-21_Area_ha,2020-21_Production_MT,2020-21_Yield_kg_ha,2021-22_Area_ha,2021-22_Production_MT,2021-22_Yield_kg_ha,Average_Area_ha,Average_Production_MT,Average_Yield_kg_ha,Source,Evidence_Type,Data_Note
Ahmedabad,Fenugreek,221,482,2181,,,,,,,221.0,482.0,2181.0,"Spices Statistics at a Glance 2021, Table 8.17 (district-wise Gujarat Fenugreek, 2015-16 to 2019-20); later years also indexed by IndiaStat but values were not retrievable in this verification pass",High for 2019-20 where table reports a value; Not verified for 2020-21/2021-22,"2019-20 district value is source-reported. 2020-21 and 2021-22 are intentionally blank because I could not independently retrieve the district figures. Blank means unavailable/not verified, NOT zero and NOT an AI estimate. Districts absent from the 2019-20 table are also not converted to zero without explicit source evidence."
Amreli,Fenugreek,26,43,1654,,,,,,,26.0,43.0,1654.0,"Spices Statistics at a Glance 2021, Table 8.17 (district-wise Gujarat Fenugreek, 2015-16 to 2019-20); later years also indexed by IndiaStat but values were not retrievable in this verification pass",High for 2019-20 where table reports a value; Not verified for 2020-21/2021-22,"2019-20 district value is source-reported. 2020-21 and 2021-22 are intentionally blank because I could not independently retrieve the district figures. Blank means unavailable/not verified, NOT zero and NOT an AI estimate. Districts absent from the 2019-20 table are also not converted to zero without explicit source evidence."
Anand,Fenugreek,,,,,,,,,,,,,"Spices Statistics at a Glance 2021, Table 8.17 (district-wise Gujarat Fenugreek, 2015-16 to 2019-20); later years also indexed by IndiaStat but values were not retrievable in this verification pass",High for 2019-20 where table reports a value; Not verified for 2020-21/2021-22,"2019-20 district value is source-reported. 2020-21 and 2021-22 are intentionally blank because I could not independently retrieve the district figures. Blank means unavailable/not verified, NOT zero and NOT an AI estimate. Districts absent from the 2019-20 table are also not converted to zero without explicit source evidence."
Aravalli,Fenugreek,75,144,1920,,,,,,,75.0,144.0,1920.0,"Spices Statistics at a Glance 2021, Table 8.17 (district-wise Gujarat Fenugreek, 2015-16 to 2019-20); later years also indexed by IndiaStat but values were not retrievable in this verification pass",High for 2019-20 where table reports a value; Not verified for 2020-21/2021-22,"2019-20 district value is source-reported. 2020-21 and 2021-22 are intentionally blank because I could not independently retrieve the district figures. Blank means unavailable/not verified, NOT zero and NOT an AI estimate. Districts absent from the 2019-20 table are also not converted to zero without explicit source evidence."
Banaskantha,Fenugreek,328,656,2000,,,,,,,328.0,656.0,2000.0,"Spices Statistics at a Glance 2021, Table 8.17 (district-wise Gujarat Fenugreek, 2015-16 to 2019-20); later years also indexed by IndiaStat but values were not retrievable in this verification pass",High for 2019-20 where table reports a value; Not verified for 2020-21/2021-22,"2019-20 district value is source-reported. 2020-21 and 2021-22 are intentionally blank because I could not independently retrieve the district figures. Blank means unavailable/not verified, NOT zero and NOT an AI estimate. Districts absent from the 2019-20 table are also not converted to zero without explicit source evidence."
Bharuch,Fenugreek,291,728,2502,,,,,,,291.0,728.0,2502.0,"Spices Statistics at a Glance 2021, Table 8.17 (district-wise Gujarat Fenugreek, 2015-16 to 2019-20); later years also indexed by IndiaStat but values were not retrievable in this verification pass",High for 2019-20 where table reports a value; Not verified for 2020-21/2021-22,"2019-20 district value is source-reported. 2020-21 and 2021-22 are intentionally blank because I could not independently retrieve the district figures. Blank means unavailable/not verified, NOT zero and NOT an AI estimate. Districts absent from the 2019-20 table are also not converted to zero without explicit source evidence."
Bhavnagar,Fenugreek,51,66,1294,,,,,,,51.0,66.0,1294.0,"Spices Statistics at a Glance 2021, Table 8.17 (district-wise Gujarat Fenugreek, 2015-16 to 2019-20); later years also indexed by IndiaStat but values were not retrievable in this verification pass",High for 2019-20 where table reports a value; Not verified for 2020-21/2021-22,"2019-20 district value is source-reported. 2020-21 and 2021-22 are intentionally blank because I could not independently retrieve the district figures. Blank means unavailable/not verified, NOT zero and NOT an AI estimate. Districts absent from the 2019-20 table are also not converted to zero without explicit source evidence."
Botad,Fenugreek,20,48,2400,,,,,,,20.0,48.0,2400.0,"Spices Statistics at a Glance 2021, Table 8.17 (district-wise Gujarat Fenugreek, 2015-16 to 2019-20); later years also indexed by IndiaStat but values were not retrievable in this verification pass",High for 2019-20 where table reports a value; Not verified for 2020-21/2021-22,"2019-20 district value is source-reported. 2020-21 and 2021-22 are intentionally blank because I could not independently retrieve the district figures. Blank means unavailable/not verified, NOT zero and NOT an AI estimate. Districts absent from the 2019-20 table are also not converted to zero without explicit source evidence."
Chhota Udepur,Fenugreek,92,192,2087,,,,,,,92.0,192.0,2087.0,"Spices Statistics at a Glance 2021, Table 8.17 (district-wise Gujarat Fenugreek, 2015-16 to 2019-20); later years also indexed by IndiaStat but values were not retrievable in this verification pass",High for 2019-20 where table reports a value; Not verified for 2020-21/2021-22,"2019-20 district value is source-reported. 2020-21 and 2021-22 are intentionally blank because I could not independently retrieve the district figures. Blank means unavailable/not verified, NOT zero and NOT an AI estimate. Districts absent from the 2019-20 table are also not converted to zero without explicit source evidence."
Dahod,Fenugreek,2079,4158,2000,,,,,,,2079.0,4158.0,2000.0,"Spices Statistics at a Glance 2021, Table 8.17 (district-wise Gujarat Fenugreek, 2015-16 to 2019-20); later years also indexed by IndiaStat but values were not retrievable in this verification pass",High for 2019-20 where table reports a value; Not verified for 2020-21/2021-22,"2019-20 district value is source-reported. 2020-21 and 2021-22 are intentionally blank because I could not independently retrieve the district figures. Blank means unavailable/not verified, NOT zero and NOT an AI estimate. Districts absent from the 2019-20 table are also not converted to zero without explicit source evidence."
Dang,Fenugreek,,,,,,,,,,,,,"Spices Statistics at a Glance 2021, Table 8.17 (district-wise Gujarat Fenugreek, 2015-16 to 2019-20); later years also indexed by IndiaStat but values were not retrievable in this verification pass",High for 2019-20 where table reports a value; Not verified for 2020-21/2021-22,"2019-20 district value is source-reported. 2020-21 and 2021-22 are intentionally blank because I could not independently retrieve the district figures. Blank means unavailable/not verified, NOT zero and NOT an AI estimate. Districts absent from the 2019-20 table are also not converted to zero without explicit source evidence."
Devbhumi Dwarka,Fenugreek,25,45,1800,,,,,,,25.0,45.0,1800.0,"Spices Statistics at a Glance 2021, Table 8.17 (district-wise Gujarat Fenugreek, 2015-16 to 2019-20); later years also indexed by IndiaStat but values were not retrievable in this verification pass",High for 2019-20 where table reports a value; Not verified for 2020-21/2021-22,"2019-20 district value is source-reported. 2020-21 and 2021-22 are intentionally blank because I could not independently retrieve the district figures. Blank means unavailable/not verified, NOT zero and NOT an AI estimate. Districts absent from the 2019-20 table are also not converted to zero without explicit source evidence."
Gandhinagar,Fenugreek,3,9,3000,,,,,,,3.0,9.0,3000.0,"Spices Statistics at a Glance 2021, Table 8.17 (district-wise Gujarat Fenugreek, 2015-16 to 2019-20); later years also indexed by IndiaStat but values were not retrievable in this verification pass",High for 2019-20 where table reports a value; Not verified for 2020-21/2021-22,"2019-20 district value is source-reported. 2020-21 and 2021-22 are intentionally blank because I could not independently retrieve the district figures. Blank means unavailable/not verified, NOT zero and NOT an AI estimate. Districts absent from the 2019-20 table are also not converted to zero without explicit source evidence."
Gir Somnath,Fenugreek,290,409,1410,,,,,,,290.0,409.0,1410.0,"Spices Statistics at a Glance 2021, Table 8.17 (district-wise Gujarat Fenugreek, 2015-16 to 2019-20); later years also indexed by IndiaStat but values were not retrievable in this verification pass",High for 2019-20 where table reports a value; Not verified for 2020-21/2021-22,"2019-20 district value is source-reported. 2020-21 and 2021-22 are intentionally blank because I could not independently retrieve the district figures. Blank means unavailable/not verified, NOT zero and NOT an AI estimate. Districts absent from the 2019-20 table are also not converted to zero without explicit source evidence."
Jamnagar,Fenugreek,102,158,1549,,,,,,,102.0,158.0,1549.0,"Spices Statistics at a Glance 2021, Table 8.17 (district-wise Gujarat Fenugreek, 2015-16 to 2019-20); later years also indexed by IndiaStat but values were not retrievable in this verification pass",High for 2019-20 where table reports a value; Not verified for 2020-21/2021-22,"2019-20 district value is source-reported. 2020-21 and 2021-22 are intentionally blank because I could not independently retrieve the district figures. Blank means unavailable/not verified, NOT zero and NOT an AI estimate. Districts absent from the 2019-20 table are also not converted to zero without explicit source evidence."
Junagadh,Fenugreek,90,131,1456,,,,,,,90.0,131.0,1456.0,"Spices Statistics at a Glance 2021, Table 8.17 (district-wise Gujarat Fenugreek, 2015-16 to 2019-20); later years also indexed by IndiaStat but values were not retrievable in this verification pass",High for 2019-20 where table reports a value; Not verified for 2020-21/2021-22,"2019-20 district value is source-reported. 2020-21 and 2021-22 are intentionally blank because I could not independently retrieve the district figures. Blank means unavailable/not verified, NOT zero and NOT an AI estimate. Districts absent from the 2019-20 table are also not converted to zero without explicit source evidence."
Kheda,Fenugreek,35,61,1743,,,,,,,35.0,61.0,1743.0,"Spices Statistics at a Glance 2021, Table 8.17 (district-wise Gujarat Fenugreek, 2015-16 to 2019-20); later years also indexed by IndiaStat but values were not retrievable in this verification pass",High for 2019-20 where table reports a value; Not verified for 2020-21/2021-22,"2019-20 district value is source-reported. 2020-21 and 2021-22 are intentionally blank because I could not independently retrieve the district figures. Blank means unavailable/not verified, NOT zero and NOT an AI estimate. Districts absent from the 2019-20 table are also not converted to zero without explicit source evidence."
Kutch,Fenugreek,147,312,2122,,,,,,,147.0,312.0,2122.0,"Spices Statistics at a Glance 2021, Table 8.17 (district-wise Gujarat Fenugreek, 2015-16 to 2019-20); later years also indexed by IndiaStat but values were not retrievable in this verification pass",High for 2019-20 where table reports a value; Not verified for 2020-21/2021-22,"2019-20 district value is source-reported. 2020-21 and 2021-22 are intentionally blank because I could not independently retrieve the district figures. Blank means unavailable/not verified, NOT zero and NOT an AI estimate. Districts absent from the 2019-20 table are also not converted to zero without explicit source evidence."
Mahisagar,Fenugreek,200,316,1580,,,,,,,200.0,316.0,1580.0,"Spices Statistics at a Glance 2021, Table 8.17 (district-wise Gujarat Fenugreek, 2015-16 to 2019-20); later years also indexed by IndiaStat but values were not retrievable in this verification pass",High for 2019-20 where table reports a value; Not verified for 2020-21/2021-22,"2019-20 district value is source-reported. 2020-21 and 2021-22 are intentionally blank because I could not independently retrieve the district figures. Blank means unavailable/not verified, NOT zero and NOT an AI estimate. Districts absent from the 2019-20 table are also not converted to zero without explicit source evidence."
Mehsana,Fenugreek,464,1021,2200,,,,,,,464.0,1021.0,2200.0,"Spices Statistics at a Glance 2021, Table 8.17 (district-wise Gujarat Fenugreek, 2015-16 to 2019-20); later years also indexed by IndiaStat but values were not retrievable in this verification pass",High for 2019-20 where table reports a value; Not verified for 2020-21/2021-22,"2019-20 district value is source-reported. 2020-21 and 2021-22 are intentionally blank because I could not independently retrieve the district figures. Blank means unavailable/not verified, NOT zero and NOT an AI estimate. Districts absent from the 2019-20 table are also not converted to zero without explicit source evidence."
Morbi,Fenugreek,180,392,2178,,,,,,,180.0,392.0,2178.0,"Spices Statistics at a Glance 2021, Table 8.17 (district-wise Gujarat Fenugreek, 2015-16 to 2019-20); later years also indexed by IndiaStat but values were not retrievable in this verification pass",High for 2019-20 where table reports a value; Not verified for 2020-21/2021-22,"2019-20 district value is source-reported. 2020-21 and 2021-22 are intentionally blank because I could not independently retrieve the district figures. Blank means unavailable/not verified, NOT zero and NOT an AI estimate. Districts absent from the 2019-20 table are also not converted to zero without explicit source evidence."
Narmada,Fenugreek,75,143,1907,,,,,,,75.0,143.0,1907.0,"Spices Statistics at a Glance 2021, Table 8.17 (district-wise Gujarat Fenugreek, 2015-16 to 2019-20); later years also indexed by IndiaStat but values were not retrievable in this verification pass",High for 2019-20 where table reports a value; Not verified for 2020-21/2021-22,"2019-20 district value is source-reported. 2020-21 and 2021-22 are intentionally blank because I could not independently retrieve the district figures. Blank means unavailable/not verified, NOT zero and NOT an AI estimate. Districts absent from the 2019-20 table are also not converted to zero without explicit source evidence."
Navsari,Fenugreek,152,296,1947,,,,,,,152.0,296.0,1947.0,"Spices Statistics at a Glance 2021, Table 8.17 (district-wise Gujarat Fenugreek, 2015-16 to 2019-20); later years also indexed by IndiaStat but values were not retrievable in this verification pass",High for 2019-20 where table reports a value; Not verified for 2020-21/2021-22,"2019-20 district value is source-reported. 2020-21 and 2021-22 are intentionally blank because I could not independently retrieve the district figures. Blank means unavailable/not verified, NOT zero and NOT an AI estimate. Districts absent from the 2019-20 table are also not converted to zero without explicit source evidence."
Panchmahal,Fenugreek,475,689,1451,,,,,,,475.0,689.0,1451.0,"Spices Statistics at a Glance 2021, Table 8.17 (district-wise Gujarat Fenugreek, 2015-16 to 2019-20); later years also indexed by IndiaStat but values were not retrievable in this verification pass",High for 2019-20 where table reports a value; Not verified for 2020-21/2021-22,"2019-20 district value is source-reported. 2020-21 and 2021-22 are intentionally blank because I could not independently retrieve the district figures. Blank means unavailable/not verified, NOT zero and NOT an AI estimate. Districts absent from the 2019-20 table are also not converted to zero without explicit source evidence."
Patan,Fenugreek,886,1710,1930,,,,,,,886.0,1710.0,1930.0,"Spices Statistics at a Glance 2021, Table 8.17 (district-wise Gujarat Fenugreek, 2015-16 to 2019-20); later years also indexed by IndiaStat but values were not retrievable in this verification pass",High for 2019-20 where table reports a value; Not verified for 2020-21/2021-22,"2019-20 district value is source-reported. 2020-21 and 2021-22 are intentionally blank because I could not independently retrieve the district figures. Blank means unavailable/not verified, NOT zero and NOT an AI estimate. Districts absent from the 2019-20 table are also not converted to zero without explicit source evidence."
Porbandar,Fenugreek,,,,,,,,,,,,,"Spices Statistics at a Glance 2021, Table 8.17 (district-wise Gujarat Fenugreek, 2015-16 to 2019-20); later years also indexed by IndiaStat but values were not retrievable in this verification pass",High for 2019-20 where table reports a value; Not verified for 2020-21/2021-22,"2019-20 district value is source-reported. 2020-21 and 2021-22 are intentionally blank because I could not independently retrieve the district figures. Blank means unavailable/not verified, NOT zero and NOT an AI estimate. Districts absent from the 2019-20 table are also not converted to zero without explicit source evidence."
Rajkot,Fenugreek,85,155,1824,,,,,,,85.0,155.0,1824.0,"Spices Statistics at a Glance 2021, Table 8.17 (district-wise Gujarat Fenugreek, 2015-16 to 2019-20); later years also indexed by IndiaStat but values were not retrievable in this verification pass",High for 2019-20 where table reports a value; Not verified for 2020-21/2021-22,"2019-20 district value is source-reported. 2020-21 and 2021-22 are intentionally blank because I could not independently retrieve the district figures. Blank means unavailable/not verified, NOT zero and NOT an AI estimate. Districts absent from the 2019-20 table are also not converted to zero without explicit source evidence."
Sabarkantha,Fenugreek,58,112,1931,,,,,,,58.0,112.0,1931.0,"Spices Statistics at a Glance 2021, Table 8.17 (district-wise Gujarat Fenugreek, 2015-16 to 2019-20); later years also indexed by IndiaStat but values were not retrievable in this verification pass",High for 2019-20 where table reports a value; Not verified for 2020-21/2021-22,"2019-20 district value is source-reported. 2020-21 and 2021-22 are intentionally blank because I could not independently retrieve the district figures. Blank means unavailable/not verified, NOT zero and NOT an AI estimate. Districts absent from the 2019-20 table are also not converted to zero without explicit source evidence."
Surat,Fenugreek,107,205,1916,,,,,,,107.0,205.0,1916.0,"Spices Statistics at a Glance 2021, Table 8.17 (district-wise Gujarat Fenugreek, 2015-16 to 2019-20); later years also indexed by IndiaStat but values were not retrievable in this verification pass",High for 2019-20 where table reports a value; Not verified for 2020-21/2021-22,"2019-20 district value is source-reported. 2020-21 and 2021-22 are intentionally blank because I could not independently retrieve the district figures. Blank means unavailable/not verified, NOT zero and NOT an AI estimate. Districts absent from the 2019-20 table are also not converted to zero without explicit source evidence."
Surendranagar,Fenugreek,430,804,1870,,,,,,,430.0,804.0,1870.0,"Spices Statistics at a Glance 2021, Table 8.17 (district-wise Gujarat Fenugreek, 2015-16 to 2019-20); later years also indexed by IndiaStat but values were not retrievable in this verification pass",High for 2019-20 where table reports a value; Not verified for 2020-21/2021-22,"2019-20 district value is source-reported. 2020-21 and 2021-22 are intentionally blank because I could not independently retrieve the district figures. Blank means unavailable/not verified, NOT zero and NOT an AI estimate. Districts absent from the 2019-20 table are also not converted to zero without explicit source evidence."
Tapi,Fenugreek,108,205,1898,,,,,,,108.0,205.0,1898.0,"Spices Statistics at a Glance 2021, Table 8.17 (district-wise Gujarat Fenugreek, 2015-16 to 2019-20); later years also indexed by IndiaStat but values were not retrievable in this verification pass",High for 2019-20 where table reports a value; Not verified for 2020-21/2021-22,"2019-20 district value is source-reported. 2020-21 and 2021-22 are intentionally blank because I could not independently retrieve the district figures. Blank means unavailable/not verified, NOT zero and NOT an AI estimate. Districts absent from the 2019-20 table are also not converted to zero without explicit source evidence."
Vadodara,Fenugreek,510,882,1729,,,,,,,510.0,882.0,1729.0,"Spices Statistics at a Glance 2021, Table 8.17 (district-wise Gujarat Fenugreek, 2015-16 to 2019-20); later years also indexed by IndiaStat but values were not retrievable in this verification pass",High for 2019-20 where table reports a value; Not verified for 2020-21/2021-22,"2019-20 district value is source-reported. 2020-21 and 2021-22 are intentionally blank because I could not independently retrieve the district figures. Blank means unavailable/not verified, NOT zero and NOT an AI estimate. Districts absent from the 2019-20 table are also not converted to zero without explicit source evidence."
Valsad,Fenugreek,31,58,1871,,,,,,,31.0,58.0,1871.0,"Spices Statistics at a Glance 2021, Table 8.17 (district-wise Gujarat Fenugreek, 2015-16 to 2019-20); later years also indexed by IndiaStat but values were not retrievable in this verification pass",High for 2019-20 where table reports a value; Not verified for 2020-21/2021-22,"2019-20 district value is source-reported. 2020-21 and 2021-22 are intentionally blank because I could not independently retrieve the district figures. Blank means unavailable/not verified, NOT zero and NOT an AI estimate. Districts absent from the 2019-20 table are also not converted to zero without explicit source evidence."
