District,Latitude,Longitude,Average_Temperature_C,Total_Rainfall_mm,Average_Humidity_percent,Average_Solar_Radiation,Dominant_Soil_Texture,BHOOMI_pH_Category,BHOOMI_Salinity,BHOOMI_Sodicity,Drainage,Soil_Depth,SLUSI_pH_Category,SLUSI_Salinity,SLUSI_OC_Class,SLUSI_N_Class,SLUSI_P_Class,SLUSI_K_Class,Plant,Scientific_Name,Optimal_Temp_Min_C,Optimal_Temp_Max_C,Absolute_Temp_Min_C,Absolute_Temp_Max_C,Optimal_Rainfall_Min_mm,Optimal_Rainfall_Max_mm,Absolute_Rainfall_Min_mm,Absolute_Rainfall_Max_mm,Optimal_pH_Min,Optimal_pH_Max,Absolute_pH_Min,Absolute_pH_Max,Optimal_Soil_Depth,Absolute_Soil_Depth,Optimal_Soil_Texture,Absolute_Soil_Texture,Soil_Salinity_Tolerance,Soil_Drainage,N_Pests_Documented,N_Diseases_Documented,Fungal_Disease_Present,Heat_Stress_C,Rainfall_Stress_mm,District_pH_Estimate,pH_Stress,Salinity_Mismatch_Flag,Biotic_Risk_Base,Biotic_Risk_Adjusted,Requirement_Match_Score,2019-20_Area_ha,2019-20_Production_MT,2019-20_Yield_kg_ha,2020-21_Area_ha,2020-21_Production_MT,2020-21_Yield_kg_ha,2021-22_Area_ha,2021-22_Production_MT,2021-22_Yield_kg_ha,Average_Area_ha,Average_Production_MT,Average_Yield_kg_ha,Has_RealYield_Flag,Suitability_Label_Method
Ahmedabad,23.0225,72.5714,27.583593896713623,9644.380000000026,51.04905633802825,19.19772428370128,loam,Slightly alkaline,Slight,,Well,Deep,Slightly alkaline,Non-saline,Medium,Low,High,High,Isabgol,Plantago ovata,20.0,35.0,,,500.0,1250.0,,,7.2,7.9,,,medium (50-150 cm),shallow (20-50 cm),high,moderate,,well (dry spells),2,1,True,0.0,8394.380000000026,8.0,0.09999999999999964,Low risk,3,3,59.5,,,,,,,,,,454.67,353.33,777.23,1,Yield-based (real district data)
Ahmedabad,23.0225,72.5714,27.583593896713623,9644.380000000026,51.04905633802825,19.19772428370128,loam,Slightly alkaline,Slight,,Well,Deep,Slightly alkaline,Non-saline,Medium,Low,High,High,Fennel,Foeniculum vulgare,15.0,25.0,6.0,32.0,700.0,1500.0,300.0,2600.0,6.5,7.5,4.8,8.2,medium (50-150 cm),shallow (20-50 cm),high,moderate,low (<4 dS/m),well (dry spells),14,7,True,2.583593896713623,8144.3800000000265,8.0,0.5,High risk,21,21,49.7,,,,,,,,,,382.3333333333333,682.0,1777.05,1,Yield-based (real district data)
Ahmedabad,23.0225,72.5714,27.583593896713623,9644.380000000026,51.04905633802825,19.19772428370128,loam,Slightly alkaline,Slight,,Well,Deep,Slightly alkaline,Non-saline,Medium,Low,High,High,Cumin,Cuminum cyminum,17.0,26.0,9.0,30.0,1200.0,1800.0,800.0,2700.0,5.0,6.5,4.5,8.3,medium (50-150 cm),shallow (20-50 cm),"medium, organic","medium, light",low (<4 dS/m),well (dry spells),4,7,True,1.583593896713623,7844.3800000000265,8.0,1.5,High risk,11,11,47.7,14601.0,8866.0,607.23,12373.0,7664.0,619.42,4950.0,3206.0,647.58,10641.0,6579.000000000001,618.21,1,Yield-based (real district data)
Ahmedabad,23.0225,72.5714,27.583593896713623,9644.380000000026,51.04905633802825,19.19772428370128,loam,Slightly alkaline,Slight,,Well,Deep,Slightly alkaline,Non-saline,Medium,Low,High,High,Castor,Ricinus communis,20.0,30.0,15.0,39.0,600.0,1000.0,400.0,2000.0,5.0,6.5,4.5,8.0,deep (>>150 cm),shallow (20-50 cm),medium,"heavy, medium, light",low (<4 dS/m),well (dry spells),6,3,True,0.0,8644.380000000026,8.0,1.5,High risk,9,9,52.5,52814.0,95479.0,1807.83,47571.0,84643.0,1779.29,50875.0,100138.0,1968.31,50420.0,93420.0,1851.81,1,Yield-based (real district data)
Ahmedabad,23.0225,72.5714,27.583593896713623,9644.380000000026,51.04905633802825,19.19772428370128,loam,Slightly alkaline,Slight,,Well,Deep,Slightly alkaline,Non-saline,Medium,Low,High,High,Fenugreek,Trigonella foenum-graecum,8.0,27.0,,,400.0,1500.0,,,5.3,8.2,,,,,well-drained loamy soils,,,well-drained,1,4,True,0.5835938967136229,8144.3800000000265,8.0,0.0,Low risk,5,5,58.2,221.0,482.0,2181.0,,,,,,,221.0,482.0,2181.0,1,Yield-based (real district data)
Amreli,21.6032,71.2221,27.047309859154964,10168.650000000038,56.0383708920188,18.91501174260216,sandy clay loam,Moderately alkaline,,,Well,Moderately shallow,Slightly alkaline,Non-saline,High,Medium,High,High,Isabgol,Plantago ovata,20.0,35.0,,,500.0,1250.0,,,7.2,7.9,,,medium (50-150 cm),shallow (20-50 cm),high,moderate,,well (dry spells),2,1,True,0.0,8918.650000000038,8.0,0.09999999999999964,Low risk,3,3,59.5,,,,,,,,,,17.33,13.33,791.15,1,Yield-based (real district data)
Amreli,21.6032,71.2221,27.047309859154964,10168.650000000038,56.0383708920188,18.91501174260216,sandy clay loam,Moderately alkaline,,,Well,Moderately shallow,Slightly alkaline,Non-saline,High,Medium,High,High,Fennel,Foeniculum vulgare,15.0,25.0,6.0,32.0,700.0,1500.0,300.0,2600.0,6.5,7.5,4.8,8.2,medium (50-150 cm),shallow (20-50 cm),high,moderate,low (<4 dS/m),well (dry spells),14,7,True,2.0473098591549643,8668.650000000038,8.0,0.5,High risk,21,21,51.4,,,,,,,,,,9.666666666666666,17.333333333333332,1192.5666666666666,1,Yield-based (real district data)
Amreli,21.6032,71.2221,27.047309859154964,10168.650000000038,56.0383708920188,18.91501174260216,sandy clay loam,Moderately alkaline,,,Well,Moderately shallow,Slightly alkaline,Non-saline,High,Medium,High,High,Cumin,Cuminum cyminum,17.0,26.0,9.0,30.0,1200.0,1800.0,800.0,2700.0,5.0,6.5,4.5,8.3,medium (50-150 cm),shallow (20-50 cm),"medium, organic","medium, light",low (<4 dS/m),well (dry spells),4,7,True,1.0473098591549643,8368.650000000038,8.0,1.5,High risk,11,11,49.4,4183.0,3259.0000000000005,779.0,5319.0,2395.0,450.2,3754.0,3343.0,890.51,4419.0,2999.0,678.65,1,Yield-based (real district data)
Amreli,21.6032,71.2221,27.047309859154964,10168.650000000038,56.0383708920188,18.91501174260216,sandy clay loam,Moderately alkaline,,,Well,Moderately shallow,Slightly alkaline,Non-saline,High,Medium,High,High,Castor,Ricinus communis,20.0,30.0,15.0,39.0,600.0,1000.0,400.0,2000.0,5.0,6.5,4.5,8.0,deep (>>150 cm),shallow (20-50 cm),medium,"heavy, medium, light",low (<4 dS/m),well (dry spells),6,3,True,0.0,9168.650000000038,8.0,1.5,High risk,9,9,52.5,24902.0,46761.0,1877.82,91123.0,171378.0,1880.73,120940.0,216251.00000000003,1788.09,78988.33333333333,144796.66666666666,1848.88,1,Yield-based (real district data)
Amreli,21.6032,71.2221,27.047309859154964,10168.650000000038,56.0383708920188,18.91501174260216,sandy clay loam,Moderately alkaline,,,Well,Moderately shallow,Slightly alkaline,Non-saline,High,Medium,High,High,Fenugreek,Trigonella foenum-graecum,8.0,27.0,,,400.0,1500.0,,,5.3,8.2,,,,,well-drained loamy soils,,,well-drained,1,4,True,0.04730985915496433,8668.650000000038,8.0,0.0,Low risk,5,5,59.9,26.0,43.0,1654.0,,,,,,,26.0,43.0,1654.0,1,Yield-based (real district data)
Anand,22.5645,72.9289,27.481103286385043,11487.060000000023,54.25042253521119,18.94018788163456,loam,Slightly alkaline,,,Well,Deep,Normal,Non-saline,Medium,Low,High,High,Isabgol,Plantago ovata,20.0,35.0,,,500.0,1250.0,,,7.2,7.9,,,medium (50-150 cm),shallow (20-50 cm),high,moderate,,well (dry spells),2,1,True,0.0,10237.060000000023,7.0,0.20000000000000018,Low risk,3,3,59.0,,,,,,,,,,0.0,0.0,0.0,1,Yield-based (real district data)
Anand,22.5645,72.9289,27.481103286385043,11487.060000000023,54.25042253521119,18.94018788163456,loam,Slightly alkaline,,,Well,Deep,Normal,Non-saline,Medium,Low,High,High,Fennel,Foeniculum vulgare,15.0,25.0,6.0,32.0,700.0,1500.0,300.0,2600.0,6.5,7.5,4.8,8.2,medium (50-150 cm),shallow (20-50 cm),high,moderate,low (<4 dS/m),well (dry spells),14,7,True,2.481103286385043,9987.060000000023,7.0,0.0,High risk,21,21,52.6,,,,,,,,,,0.0,0.0,0.0,1,Yield-based (real district data)
Anand,22.5645,72.9289,27.481103286385043,11487.060000000023,54.25042253521119,18.94018788163456,loam,Slightly alkaline,,,Well,Deep,Normal,Non-saline,Medium,Low,High,High,Cumin,Cuminum cyminum,17.0,26.0,9.0,30.0,1200.0,1800.0,800.0,2700.0,5.0,6.5,4.5,8.3,medium (50-150 cm),shallow (20-50 cm),"medium, organic","medium, light",low (<4 dS/m),well (dry spells),4,7,True,1.4811032863850428,9687.060000000023,7.0,0.5,High risk,11,11,53.1,0.0,0.0,0.0,0.0,0.0,0.0,11.0,8.0,721.01,11.0,8.0,721.01,1,Yield-based (real district data)
Anand,22.5645,72.9289,27.481103286385043,11487.060000000023,54.25042253521119,18.94018788163456,loam,Slightly alkaline,,,Well,Deep,Normal,Non-saline,Medium,Low,High,High,Castor,Ricinus communis,20.0,30.0,15.0,39.0,600.0,1000.0,400.0,2000.0,5.0,6.5,4.5,8.0,deep (>>150 cm),shallow (20-50 cm),medium,"heavy, medium, light",low (<4 dS/m),well (dry spells),6,3,True,0.0,10487.060000000023,7.0,0.5,High risk,9,9,57.5,6065.0,6317.0,1041.54,7108.0,7234.999999999999,1017.88,8892.0,9122.0,1025.9,7355.0,7558.0,1028.44,1,Yield-based (real district data)
Anand,22.5645,72.9289,27.481103286385043,11487.060000000023,54.25042253521119,18.94018788163456,loam,Slightly alkaline,,,Well,Deep,Normal,Non-saline,Medium,Low,High,High,Fenugreek,Trigonella foenum-graecum,8.0,27.0,,,400.0,1500.0,,,5.3,8.2,,,,,well-drained loamy soils,,,well-drained,1,4,True,0.48110328638504285,9987.060000000023,7.0,0.0,Low risk,5,5,58.6,,,,,,,,,,,,,0,Requirement-matching (no district yield data available)
Aravalli,23.4625,73.2985,27.08805164319252,9328.720000000014,50.048964788732334,18.91478628464068,sandy clay loam,Neutral,,,Well,Very deep,Slightly alkaline,Non-saline,Low,Low,High,High,Isabgol,Plantago ovata,20.0,35.0,,,500.0,1250.0,,,7.2,7.9,,,medium (50-150 cm),shallow (20-50 cm),high,moderate,,well (dry spells),2,1,True,0.0,8078.720000000014,8.0,0.09999999999999964,Low risk,3,3,59.5,,,,,,,,,,0.0,0.0,0.0,1,Yield-based (real district data)
Aravalli,23.4625,73.2985,27.08805164319252,9328.720000000014,50.048964788732334,18.91478628464068,sandy clay loam,Neutral,,,Well,Very deep,Slightly alkaline,Non-saline,Low,Low,High,High,Fennel,Foeniculum vulgare,15.0,25.0,6.0,32.0,700.0,1500.0,300.0,2600.0,6.5,7.5,4.8,8.2,medium (50-150 cm),shallow (20-50 cm),high,moderate,low (<4 dS/m),well (dry spells),14,7,True,2.0880516431925216,7828.720000000014,8.0,0.5,High risk,21,21,51.2,,,,,,,,,,2193.6666666666665,4078.0,1851.2,1,Yield-based (real district data)
Aravalli,23.4625,73.2985,27.08805164319252,9328.720000000014,50.048964788732334,18.91478628464068,sandy clay loam,Neutral,,,Well,Very deep,Slightly alkaline,Non-saline,Low,Low,High,High,Cumin,Cuminum cyminum,17.0,26.0,9.0,30.0,1200.0,1800.0,800.0,2700.0,5.0,6.5,4.5,8.3,medium (50-150 cm),shallow (20-50 cm),"medium, organic","medium, light",low (<4 dS/m),well (dry spells),4,7,True,1.0880516431925216,7528.720000000014,8.0,1.5,High risk,11,11,49.2,,,,,,,,,,,,,0,Requirement-matching (no district yield data available)
Aravalli,23.4625,73.2985,27.08805164319252,9328.720000000014,50.048964788732334,18.91478628464068,sandy clay loam,Neutral,,,Well,Very deep,Slightly alkaline,Non-saline,Low,Low,High,High,Castor,Ricinus communis,20.0,30.0,15.0,39.0,600.0,1000.0,400.0,2000.0,5.0,6.5,4.5,8.0,deep (>>150 cm),shallow (20-50 cm),medium,"heavy, medium, light",low (<4 dS/m),well (dry spells),6,3,True,0.0,8328.720000000014,8.0,1.5,High risk,9,9,52.5,19784.0,26263.0,1327.48,10551.0,17109.0,1621.56,13652.000000000002,24959.0,1828.26,14662.333333333334,22777.0,1592.4333333333334,1,Yield-based (real district data)
Aravalli,23.4625,73.2985,27.08805164319252,9328.720000000014,50.048964788732334,18.91478628464068,sandy clay loam,Neutral,,,Well,Very deep,Slightly alkaline,Non-saline,Low,Low,High,High,Fenugreek,Trigonella foenum-graecum,8.0,27.0,,,400.0,1500.0,,,5.3,8.2,,,,,well-drained loamy soils,,,well-drained,1,4,True,0.08805164319252157,7828.720000000014,8.0,0.0,Low risk,5,5,59.7,75.0,144.0,1920.0,,,,,,,75.0,144.0,1920.0,1,Yield-based (real district data)
Banaskantha,24.1719,72.4383,26.8958591549295,9580.530000000024,49.06538028169008,19.150692813527428,loam,Slightly alkaline,,,Well,Very deep,Slightly alkaline,Non-saline,Low,Low,High,Medium,Isabgol,Plantago ovata,20.0,35.0,,,500.0,1250.0,,,7.2,7.9,,,medium (50-150 cm),shallow (20-50 cm),high,moderate,,well (dry spells),2,1,True,0.0,8330.530000000024,8.0,0.09999999999999964,Low risk,3,3,59.5,,,,,,,,,,2696.33,2171.0,805.23,1,Yield-based (real district data)
Banaskantha,24.1719,72.4383,26.8958591549295,9580.530000000024,49.06538028169008,19.150692813527428,loam,Slightly alkaline,,,Well,Very deep,Slightly alkaline,Non-saline,Low,Low,High,Medium,Fennel,Foeniculum vulgare,15.0,25.0,6.0,32.0,700.0,1500.0,300.0,2600.0,6.5,7.5,4.8,8.2,medium (50-150 cm),shallow (20-50 cm),high,moderate,low (<4 dS/m),well (dry spells),14,7,True,1.8958591549295,8080.530000000024,8.0,0.5,High risk,21,21,51.8,,,,,,,,,,5638.0,9097.666666666666,1571.9899999999998,1,Yield-based (real district data)
Banaskantha,24.1719,72.4383,26.8958591549295,9580.530000000024,49.06538028169008,19.150692813527428,loam,Slightly alkaline,,,Well,Very deep,Slightly alkaline,Non-saline,Low,Low,High,Medium,Cumin,Cuminum cyminum,17.0,26.0,9.0,30.0,1200.0,1800.0,800.0,2700.0,5.0,6.5,4.5,8.3,medium (50-150 cm),shallow (20-50 cm),"medium, organic","medium, light",low (<4 dS/m),well (dry spells),4,7,True,0.8958591549295001,7780.530000000024,8.0,1.5,High risk,11,11,49.8,85115.0,69590.0,817.6,77208.0,80751.0,1045.9,50867.0,37359.0,734.44,71063.0,62566.99999999999,880.44,1,Yield-based (real district data)
Banaskantha,24.1719,72.4383,26.8958591549295,9580.530000000024,49.06538028169008,19.150692813527428,loam,Slightly alkaline,,,Well,Very deep,Slightly alkaline,Non-saline,Low,Low,High,Medium,Castor,Ricinus communis,20.0,30.0,15.0,39.0,600.0,1000.0,400.0,2000.0,5.0,6.5,4.5,8.0,deep (>>150 cm),shallow (20-50 cm),medium,"heavy, medium, light",low (<4 dS/m),well (dry spells),6,3,True,0.0,8580.530000000024,8.0,1.5,High risk,9,9,52.5,93317.0,223575.0,2395.87,98866.0,263896.0,2669.23,78862.0,217162.0,2753.7,90348.33333333331,234877.66666666663,2606.2666666666664,1,Yield-based (real district data)
Banaskantha,24.1719,72.4383,26.8958591549295,9580.530000000024,49.06538028169008,19.150692813527428,loam,Slightly alkaline,,,Well,Very deep,Slightly alkaline,Non-saline,Low,Low,High,Medium,Fenugreek,Trigonella foenum-graecum,8.0,27.0,,,400.0,1500.0,,,5.3,8.2,,,,,well-drained loamy soils,,,well-drained,1,4,True,0.0,8080.530000000024,8.0,0.0,Low risk,5,5,60.0,328.0,656.0,2000.0,,,,,,,328.0,656.0,2000.0,1,Yield-based (real district data)
Bharuch,21.7051,72.9959,27.48215962441326,16352.170000000016,59.08329812206571,18.84739314232037,clay (light),Neutral,,,Moderately well,Very deep,Normal,Non-saline,High,Low,High,High,Isabgol,Plantago ovata,20.0,35.0,,,500.0,1250.0,,,7.2,7.9,,,medium (50-150 cm),shallow (20-50 cm),high,moderate,,well (dry spells),2,1,True,0.0,15102.170000000016,7.0,0.20000000000000018,Low risk,3,3,59.0,,,,,,,,,,0.0,0.0,0.0,1,Yield-based (real district data)
Bharuch,21.7051,72.9959,27.48215962441326,16352.170000000016,59.08329812206571,18.84739314232037,clay (light),Neutral,,,Moderately well,Very deep,Normal,Non-saline,High,Low,High,High,Fennel,Foeniculum vulgare,15.0,25.0,6.0,32.0,700.0,1500.0,300.0,2600.0,6.5,7.5,4.8,8.2,medium (50-150 cm),shallow (20-50 cm),high,moderate,low (<4 dS/m),well (dry spells),14,7,True,2.48215962441326,14852.170000000016,7.0,0.0,High risk,21,21,52.6,,,,,,,,,,0.0,0.0,0.0,1,Yield-based (real district data)
Bharuch,21.7051,72.9959,27.48215962441326,16352.170000000016,59.08329812206571,18.84739314232037,clay (light),Neutral,,,Moderately well,Very deep,Normal,Non-saline,High,Low,High,High,Cumin,Cuminum cyminum,17.0,26.0,9.0,30.0,1200.0,1800.0,800.0,2700.0,5.0,6.5,4.5,8.3,medium (50-150 cm),shallow (20-50 cm),"medium, organic","medium, light",low (<4 dS/m),well (dry spells),4,7,True,1.48215962441326,14552.170000000016,7.0,0.5,High risk,11,11,53.1,0.0,0.0,0.0,0.0,0.0,0.0,0.0,0.0,0.0,0.0,0.0,0.0,1,Yield-based (real district data)
Bharuch,21.7051,72.9959,27.48215962441326,16352.170000000016,59.08329812206571,18.84739314232037,clay (light),Neutral,,,Moderately well,Very deep,Normal,Non-saline,High,Low,High,High,Castor,Ricinus communis,20.0,30.0,15.0,39.0,600.0,1000.0,400.0,2000.0,5.0,6.5,4.5,8.0,deep (>>150 cm),shallow (20-50 cm),medium,"heavy, medium, light",low (<4 dS/m),well (dry spells),6,3,True,0.0,15352.170000000016,7.0,0.5,High risk,9,9,57.5,93388.0,82787.0,886.48,123126.0,115932.0,941.57,116544.0,115222.0,988.66,111019.33333333331,104647.0,938.9033333333332,1,Yield-based (real district data)
Bharuch,21.7051,72.9959,27.48215962441326,16352.170000000016,59.08329812206571,18.84739314232037,clay (light),Neutral,,,Moderately well,Very deep,Normal,Non-saline,High,Low,High,High,Fenugreek,Trigonella foenum-graecum,8.0,27.0,,,400.0,1500.0,,,5.3,8.2,,,,,well-drained loamy soils,,,well-drained,1,4,True,0.48215962441326,14852.170000000016,7.0,0.0,Low risk,5,5,58.6,291.0,728.0,2502.0,,,,,,,291.0,728.0,2502.0,1,Yield-based (real district data)
Bhavnagar,21.7645,72.1519,27.670044600938947,10159.620000000004,53.48433802816894,18.84739314232037,sandy clay loam,Slightly alkaline,,,Well,Shallow,Slightly alkaline,Non-saline,High,Medium,High,High,Isabgol,Plantago ovata,20.0,35.0,,,500.0,1250.0,,,7.2,7.9,,,medium (50-150 cm),shallow (20-50 cm),high,moderate,,well (dry spells),2,1,True,0.0,8909.620000000004,8.0,0.09999999999999964,Low risk,3,3,59.5,,,,,,,,,,0.0,0.0,0.0,1,Yield-based (real district data)
Bhavnagar,21.7645,72.1519,27.670044600938947,10159.620000000004,53.48433802816894,18.84739314232037,sandy clay loam,Slightly alkaline,,,Well,Shallow,Slightly alkaline,Non-saline,High,Medium,High,High,Fennel,Foeniculum vulgare,15.0,25.0,6.0,32.0,700.0,1500.0,300.0,2600.0,6.5,7.5,4.8,8.2,medium (50-150 cm),shallow (20-50 cm),high,moderate,low (<4 dS/m),well (dry spells),14,7,True,2.6700446009389474,8659.620000000004,8.0,0.5,High risk,21,21,49.5,,,,,,,,,,0.0,0.6666666666666666,592.5966666666667,1,Yield-based (real district data)
Bhavnagar,21.7645,72.1519,27.670044600938947,10159.620000000004,53.48433802816894,18.84739314232037,sandy clay loam,Slightly alkaline,,,Well,Shallow,Slightly alkaline,Non-saline,High,Medium,High,High,Cumin,Cuminum cyminum,17.0,26.0,9.0,30.0,1200.0,1800.0,800.0,2700.0,5.0,6.5,4.5,8.3,medium (50-150 cm),shallow (20-50 cm),"medium, organic","medium, light",low (<4 dS/m),well (dry spells),4,7,True,1.6700446009389474,8359.620000000004,8.0,1.5,High risk,11,11,47.5,290.0,226.0,779.0,336.0,283.0,842.95,459.0,331.0,721.01,362.0,280.0,774.27,1,Yield-based (real district data)
Bhavnagar,21.7645,72.1519,27.670044600938947,10159.620000000004,53.48433802816894,18.84739314232037,sandy clay loam,Slightly alkaline,,,Well,Shallow,Slightly alkaline,Non-saline,High,Medium,High,High,Castor,Ricinus communis,20.0,30.0,15.0,39.0,600.0,1000.0,400.0,2000.0,5.0,6.5,4.5,8.0,deep (>>150 cm),shallow (20-50 cm),medium,"heavy, medium, light",low (<4 dS/m),well (dry spells),6,3,True,0.0,9159.620000000004,8.0,1.5,High risk,9,9,52.5,11124.0,19235.0,1729.12,27739.0,56213.0,2026.51,58455.99999999999,129060.0,2207.81,32439.666666666668,68169.33333333333,1987.8133333333333,1,Yield-based (real district data)
Bhavnagar,21.7645,72.1519,27.670044600938947,10159.620000000004,53.48433802816894,18.84739314232037,sandy clay loam,Slightly alkaline,,,Well,Shallow,Slightly alkaline,Non-saline,High,Medium,High,High,Fenugreek,Trigonella foenum-graecum,8.0,27.0,,,400.0,1500.0,,,5.3,8.2,,,,,well-drained loamy soils,,,well-drained,1,4,True,0.6700446009389474,8659.620000000004,8.0,0.0,Low risk,5,5,58.0,51.0,66.0,1294.0,,,,,,,51.0,66.0,1294.0,1,Yield-based (real district data)
Botad,22.1692,71.6672,27.670044600938947,10159.620000000004,53.48433802816894,19.134443400657528,sandy clay loam,Moderately alkaline,Slight,Slight,Well,Moderately deep,Slightly alkaline,Non-saline,High,Medium,High,High,Isabgol,Plantago ovata,20.0,35.0,,,500.0,1250.0,,,7.2,7.9,,,medium (50-150 cm),shallow (20-50 cm),high,moderate,,well (dry spells),2,1,True,0.0,8909.620000000004,8.0,0.09999999999999964,Low risk,3,3,59.5,,,,,,,,,,0.0,0.0,0.0,1,Yield-based (real district data)
Botad,22.1692,71.6672,27.670044600938947,10159.620000000004,53.48433802816894,19.134443400657528,sandy clay loam,Moderately alkaline,Slight,Slight,Well,Moderately deep,Slightly alkaline,Non-saline,High,Medium,High,High,Fennel,Foeniculum vulgare,15.0,25.0,6.0,32.0,700.0,1500.0,300.0,2600.0,6.5,7.5,4.8,8.2,medium (50-150 cm),shallow (20-50 cm),high,moderate,low (<4 dS/m),well (dry spells),14,7,True,2.6700446009389474,8659.620000000004,8.0,0.5,High risk,21,21,49.5,,,,,,,,,,337.0,601.0,1777.05,1,Yield-based (real district data)
Botad,22.1692,71.6672,27.670044600938947,10159.620000000004,53.48433802816894,19.134443400657528,sandy clay loam,Moderately alkaline,Slight,Slight,Well,Moderately deep,Slightly alkaline,Non-saline,High,Medium,High,High,Cumin,Cuminum cyminum,17.0,26.0,9.0,30.0,1200.0,1800.0,800.0,2700.0,5.0,6.5,4.5,8.3,medium (50-150 cm),shallow (20-50 cm),"medium, organic","medium, light",low (<4 dS/m),well (dry spells),4,7,True,1.6700446009389474,8359.620000000004,8.0,1.5,High risk,11,11,47.5,2755.0,1352.0,490.73,4669.0,2852.0,610.8,1848.0,910.0,492.31,3091.0,1705.0,551.51,1,Yield-based (real district data)
Botad,22.1692,71.6672,27.670044600938947,10159.620000000004,53.48433802816894,19.134443400657528,sandy clay loam,Moderately alkaline,Slight,Slight,Well,Moderately deep,Slightly alkaline,Non-saline,High,Medium,High,High,Castor,Ricinus communis,20.0,30.0,15.0,39.0,600.0,1000.0,400.0,2000.0,5.0,6.5,4.5,8.0,deep (>>150 cm),shallow (20-50 cm),medium,"heavy, medium, light",low (<4 dS/m),well (dry spells),6,3,True,0.0,9159.620000000004,8.0,1.5,High risk,9,9,52.5,4182.0,7120.0,1702.44,28780.0,62987.0,2188.57,41531.0,92601.0,2229.68,24831.0,54236.0,2040.23,1,Yield-based (real district data)
Botad,22.1692,71.6672,27.670044600938947,10159.620000000004,53.48433802816894,19.134443400657528,sandy clay loam,Moderately alkaline,Slight,Slight,Well,Moderately deep,Slightly alkaline,Non-saline,High,Medium,High,High,Fenugreek,Trigonella foenum-graecum,8.0,27.0,,,400.0,1500.0,,,5.3,8.2,,,,,well-drained loamy soils,,,well-drained,1,4,True,0.6700446009389474,8659.620000000004,8.0,0.0,Low risk,5,5,58.0,20.0,48.0,2400.0,,,,,,,20.0,48.0,2400.0,1,Yield-based (real district data)
Chhota Udepur,22.304,74.016,27.116333333333376,12409.280000000028,54.11925117370893,18.289847346171904,sandy clay loam,Neutral,,,Well,Shallow,Normal,Non-saline,Medium,Low,High,High,Isabgol,Plantago ovata,20.0,35.0,,,500.0,1250.0,,,7.2,7.9,,,medium (50-150 cm),shallow (20-50 cm),high,moderate,,well (dry spells),2,1,True,0.0,11159.280000000028,7.0,0.20000000000000018,Low risk,3,3,59.0,,,,,,,,,,0.0,0.0,0.0,1,Yield-based (real district data)
Chhota Udepur,22.304,74.016,27.116333333333376,12409.280000000028,54.11925117370893,18.289847346171904,sandy clay loam,Neutral,,,Well,Shallow,Normal,Non-saline,Medium,Low,High,High,Fennel,Foeniculum vulgare,15.0,25.0,6.0,32.0,700.0,1500.0,300.0,2600.0,6.5,7.5,4.8,8.2,medium (50-150 cm),shallow (20-50 cm),high,moderate,low (<4 dS/m),well (dry spells),14,7,True,2.116333333333376,10909.280000000028,7.0,0.0,High risk,21,21,53.7,,,,,,,,,,0.0,0.0,0.0,1,Yield-based (real district data)
Chhota Udepur,22.304,74.016,27.116333333333376,12409.280000000028,54.11925117370893,18.289847346171904,sandy clay loam,Neutral,,,Well,Shallow,Normal,Non-saline,Medium,Low,High,High,Cumin,Cuminum cyminum,17.0,26.0,9.0,30.0,1200.0,1800.0,800.0,2700.0,5.0,6.5,4.5,8.3,medium (50-150 cm),shallow (20-50 cm),"medium, organic","medium, light",low (<4 dS/m),well (dry spells),4,7,True,1.116333333333376,10609.280000000028,7.0,0.5,High risk,11,11,54.2,0.0,0.0,0.0,0.0,0.0,0.0,0.0,0.0,0.0,0.0,0.0,0.0,1,Yield-based (real district data)
Chhota Udepur,22.304,74.016,27.116333333333376,12409.280000000028,54.11925117370893,18.289847346171904,sandy clay loam,Neutral,,,Well,Shallow,Normal,Non-saline,Medium,Low,High,High,Castor,Ricinus communis,20.0,30.0,15.0,39.0,600.0,1000.0,400.0,2000.0,5.0,6.5,4.5,8.0,deep (>>150 cm),shallow (20-50 cm),medium,"heavy, medium, light",low (<4 dS/m),well (dry spells),6,3,True,0.0,11409.280000000028,7.0,0.5,High risk,9,9,57.5,26086.0,19240.0,737.57,21442.0,27024.0,1260.32,24905.0,28420.0,1141.15,24144.33333333333,24894.666666666668,1046.3466666666666,1,Yield-based (real district data)
Chhota Udepur,22.304,74.016,27.116333333333376,12409.280000000028,54.11925117370893,18.289847346171904,sandy clay loam,Neutral,,,Well,Shallow,Normal,Non-saline,Medium,Low,High,High,Fenugreek,Trigonella foenum-graecum,8.0,27.0,,,400.0,1500.0,,,5.3,8.2,,,,,well-drained loamy soils,,,well-drained,1,4,True,0.11633333333337603,10909.280000000028,7.0,0.0,Low risk,5,5,59.7,92.0,192.0,2087.0,,,,,,,92.0,192.0,2087.0,1,Yield-based (real district data)
Dahod,22.839,74.255,26.007598591549268,11895.290000000014,54.48486384976519,18.289847346171904,sandy clay loam,Neutral,,,Well,Shallow,Normal,Non-saline,Medium,Low,High,High,Isabgol,Plantago ovata,20.0,35.0,,,500.0,1250.0,,,7.2,7.9,,,medium (50-150 cm),shallow (20-50 cm),high,moderate,,well (dry spells),2,1,True,0.0,10645.290000000014,7.0,0.20000000000000018,Low risk,3,3,59.0,,,,,,,,,,0.0,0.0,0.0,1,Yield-based (real district data)
Dahod,22.839,74.255,26.007598591549268,11895.290000000014,54.48486384976519,18.289847346171904,sandy clay loam,Neutral,,,Well,Shallow,Normal,Non-saline,Medium,Low,High,High,Fennel,Foeniculum vulgare,15.0,25.0,6.0,32.0,700.0,1500.0,300.0,2600.0,6.5,7.5,4.8,8.2,medium (50-150 cm),shallow (20-50 cm),high,moderate,low (<4 dS/m),well (dry spells),14,7,True,1.007598591549268,10395.290000000014,7.0,0.0,High risk,21,21,57.0,,,,,,,,,,0.0,0.0,0.0,1,Yield-based (real district data)
Dahod,22.839,74.255,26.007598591549268,11895.290000000014,54.48486384976519,18.289847346171904,sandy clay loam,Neutral,,,Well,Shallow,Normal,Non-saline,Medium,Low,High,High,Cumin,Cuminum cyminum,17.0,26.0,9.0,30.0,1200.0,1800.0,800.0,2700.0,5.0,6.5,4.5,8.3,medium (50-150 cm),shallow (20-50 cm),"medium, organic","medium, light",low (<4 dS/m),well (dry spells),4,7,True,0.007598591549268008,10095.290000000014,7.0,0.5,High risk,11,11,57.5,0.0,0.0,0.0,0.0,0.0,0.0,0.0,0.0,0.0,0.0,0.0,0.0,1,Yield-based (real district data)
Dahod,22.839,74.255,26.007598591549268,11895.290000000014,54.48486384976519,18.289847346171904,sandy clay loam,Neutral,,,Well,Shallow,Normal,Non-saline,Medium,Low,High,High,Castor,Ricinus communis,20.0,30.0,15.0,39.0,600.0,1000.0,400.0,2000.0,5.0,6.5,4.5,8.0,deep (>>150 cm),shallow (20-50 cm),medium,"heavy, medium, light",low (<4 dS/m),well (dry spells),6,3,True,0.0,10895.290000000014,7.0,0.5,High risk,9,9,57.5,66576.0,66253.0,995.15,56340.0,60173.0,1068.04,53782.00000000001,62583.00000000001,1163.64,58899.333333333336,63003.0,1075.61,1,Yield-based (real district data)
Dahod,22.839,74.255,26.007598591549268,11895.290000000014,54.48486384976519,18.289847346171904,sandy clay loam,Neutral,,,Well,Shallow,Normal,Non-saline,Medium,Low,High,High,Fenugreek,Trigonella foenum-graecum,8.0,27.0,,,400.0,1500.0,,,5.3,8.2,,,,,well-drained loamy soils,,,well-drained,1,4,True,0.0,10395.290000000014,7.0,0.0,Low risk,5,5,60.0,2079.0,4158.0,2000.0,,,,,,,2079.0,4158.0,2000.0,1,Yield-based (real district data)
Dang,20.757,73.69,26.15521830985919,16703.93000000005,59.76798356807527,18.08958431188353,loam,Slightly alkaline,Strong,,Poor,Deep,Normal,Non-saline,High,Medium,High,High,Isabgol,Plantago ovata,20.0,35.0,,,500.0,1250.0,,,7.2,7.9,,,medium (50-150 cm),shallow (20-50 cm),high,moderate,,well (dry spells),2,1,True,0.0,15453.930000000051,7.0,0.20000000000000018,Low risk,3,3,59.0,,,,,,,,,,0.0,0.0,0.0,1,Yield-based (real district data)
Dang,20.757,73.69,26.15521830985919,16703.93000000005,59.76798356807527,18.08958431188353,loam,Slightly alkaline,Strong,,Poor,Deep,Normal,Non-saline,High,Medium,High,High,Fennel,Foeniculum vulgare,15.0,25.0,6.0,32.0,700.0,1500.0,300.0,2600.0,6.5,7.5,4.8,8.2,medium (50-150 cm),shallow (20-50 cm),high,moderate,low (<4 dS/m),well (dry spells),14,7,True,1.1552183098591904,15203.930000000051,7.0,0.0,High risk,21,21,56.5,,,,,,,,,,0.0,0.0,0.0,1,Yield-based (real district data)
Dang,20.757,73.69,26.15521830985919,16703.93000000005,59.76798356807527,18.08958431188353,loam,Slightly alkaline,Strong,,Poor,Deep,Normal,Non-saline,High,Medium,High,High,Cumin,Cuminum cyminum,17.0,26.0,9.0,30.0,1200.0,1800.0,800.0,2700.0,5.0,6.5,4.5,8.3,medium (50-150 cm),shallow (20-50 cm),"medium, organic","medium, light",low (<4 dS/m),well (dry spells),4,7,True,0.15521830985919038,14903.930000000051,7.0,0.5,High risk,11,11,57.0,0.0,0.0,0.0,0.0,0.0,0.0,0.0,0.0,0.0,0.0,0.0,0.0,1,Yield-based (real district data)
Dang,20.757,73.69,26.15521830985919,16703.93000000005,59.76798356807527,18.08958431188353,loam,Slightly alkaline,Strong,,Poor,Deep,Normal,Non-saline,High,Medium,High,High,Castor,Ricinus communis,20.0,30.0,15.0,39.0,600.0,1000.0,400.0,2000.0,5.0,6.5,4.5,8.0,deep (>>150 cm),shallow (20-50 cm),medium,"heavy, medium, light",low (<4 dS/m),well (dry spells),6,3,True,0.0,15703.930000000051,7.0,0.5,High risk,9,9,57.5,30428.0,23971.0,787.8,30119.0,34254.0,1137.3,30150.0,30265.0,1003.82,30232.33333333333,29496.666666666668,976.3066666666668,1,Yield-based (real district data)
Dang,20.757,73.69,26.15521830985919,16703.93000000005,59.76798356807527,18.08958431188353,loam,Slightly alkaline,Strong,,Poor,Deep,Normal,Non-saline,High,Medium,High,High,Fenugreek,Trigonella foenum-graecum,8.0,27.0,,,400.0,1500.0,,,5.3,8.2,,,,,well-drained loamy soils,,,well-drained,1,4,True,0.0,15203.930000000051,7.0,0.0,Low risk,5,5,60.0,,,,,,,,,,,,,0,Requirement-matching (no district yield data available)
Devbhumi Dwarka,22.206,70.026,26.707476525821644,10576.230000000023,60.325262910798216,19.06287458900889,loam,Slightly alkaline,,,Well,Shallow,Slightly alkaline,Non-saline,Medium,Medium,High,Medium,Isabgol,Plantago ovata,20.0,35.0,,,500.0,1250.0,,,7.2,7.9,,,medium (50-150 cm),shallow (20-50 cm),high,moderate,,well (dry spells),2,1,True,0.0,9326.230000000023,8.0,0.09999999999999964,Low risk,3,3,59.5,,,,,,,,,,0.0,0.0,0.0,1,Yield-based (real district data)
Devbhumi Dwarka,22.206,70.026,26.707476525821644,10576.230000000023,60.325262910798216,19.06287458900889,loam,Slightly alkaline,,,Well,Shallow,Slightly alkaline,Non-saline,Medium,Medium,High,Medium,Fennel,Foeniculum vulgare,15.0,25.0,6.0,32.0,700.0,1500.0,300.0,2600.0,6.5,7.5,4.8,8.2,medium (50-150 cm),shallow (20-50 cm),high,moderate,low (<4 dS/m),well (dry spells),14,7,True,1.7074765258216438,9076.230000000023,8.0,0.5,High risk,21,21,52.4,,,,,,,,,,0.0,0.0,0.0,1,Yield-based (real district data)
Devbhumi Dwarka,22.206,70.026,26.707476525821644,10576.230000000023,60.325262910798216,19.06287458900889,loam,Slightly alkaline,,,Well,Shallow,Slightly alkaline,Non-saline,Medium,Medium,High,Medium,Cumin,Cuminum cyminum,17.0,26.0,9.0,30.0,1200.0,1800.0,800.0,2700.0,5.0,6.5,4.5,8.3,medium (50-150 cm),shallow (20-50 cm),"medium, organic","medium, light",low (<4 dS/m),well (dry spells),4,7,True,0.7074765258216438,8776.230000000023,8.0,1.5,High risk,11,11,50.4,100069.0,83570.0,835.12,88521.0,64592.99999999999,729.69,57054.0,33778.0,592.03,81881.0,60647.0,740.67,1,Yield-based (real district data)
Devbhumi Dwarka,22.206,70.026,26.707476525821644,10576.230000000023,60.325262910798216,19.06287458900889,loam,Slightly alkaline,,,Well,Shallow,Slightly alkaline,Non-saline,Medium,Medium,High,Medium,Castor,Ricinus communis,20.0,30.0,15.0,39.0,600.0,1000.0,400.0,2000.0,5.0,6.5,4.5,8.0,deep (>>150 cm),shallow (20-50 cm),medium,"heavy, medium, light",low (<4 dS/m),well (dry spells),6,3,True,0.0,9576.230000000023,8.0,1.5,High risk,9,9,52.5,66.0,135.0,2041.0,62.0,128.0,2060.26,0.0,0.0,0.0,42.66666666666666,87.66666666666667,1367.0866666666668,1,Yield-based (real district data)
Devbhumi Dwarka,22.206,70.026,26.707476525821644,10576.230000000023,60.325262910798216,19.06287458900889,loam,Slightly alkaline,,,Well,Shallow,Slightly alkaline,Non-saline,Medium,Medium,High,Medium,Fenugreek,Trigonella foenum-graecum,8.0,27.0,,,400.0,1500.0,,,5.3,8.2,,,,,well-drained loamy soils,,,well-drained,1,4,True,0.0,9076.230000000023,8.0,0.0,Low risk,5,5,60.0,25.0,45.0,1800.0,,,,,,,25.0,45.0,1800.0,1,Yield-based (real district data)
Gandhinagar,23.2156,72.6369,27.583593896713623,9644.380000000026,51.04905633802825,19.19772428370128,loam,Slightly alkaline,,,Somewhat excessive,Very deep,Slightly alkaline,Non-saline,Medium,Low,High,High,Isabgol,Plantago ovata,20.0,35.0,,,500.0,1250.0,,,7.2,7.9,,,medium (50-150 cm),shallow (20-50 cm),high,moderate,,well (dry spells),2,1,True,0.0,8394.380000000026,8.0,0.09999999999999964,Low risk,3,3,59.5,,,,,,,,,,0.0,0.0,0.0,1,Yield-based (real district data)
Gandhinagar,23.2156,72.6369,27.583593896713623,9644.380000000026,51.04905633802825,19.19772428370128,loam,Slightly alkaline,,,Somewhat excessive,Very deep,Slightly alkaline,Non-saline,Medium,Low,High,High,Fennel,Foeniculum vulgare,15.0,25.0,6.0,32.0,700.0,1500.0,300.0,2600.0,6.5,7.5,4.8,8.2,medium (50-150 cm),shallow (20-50 cm),high,moderate,low (<4 dS/m),well (dry spells),14,7,True,2.583593896713623,8144.3800000000265,8.0,0.5,High risk,21,21,49.7,,,,,,,,,,1071.3333333333333,1865.6666666666667,1740.0,1,Yield-based (real district data)
Gandhinagar,23.2156,72.6369,27.583593896713623,9644.380000000026,51.04905633802825,19.19772428370128,loam,Slightly alkaline,,,Somewhat excessive,Very deep,Slightly alkaline,Non-saline,Medium,Low,High,High,Cumin,Cuminum cyminum,17.0,26.0,9.0,30.0,1200.0,1800.0,800.0,2700.0,5.0,6.5,4.5,8.3,medium (50-150 cm),shallow (20-50 cm),"medium, organic","medium, light",low (<4 dS/m),well (dry spells),4,7,True,1.583593896713623,7844.3800000000265,8.0,1.5,High risk,11,11,47.7,2.0,2.0,779.0,6.0,5.0,842.95,6.0,4.0,721.01,5.0,4.0,781.55,1,Yield-based (real district data)
Gandhinagar,23.2156,72.6369,27.583593896713623,9644.380000000026,51.04905633802825,19.19772428370128,loam,Slightly alkaline,,,Somewhat excessive,Very deep,Slightly alkaline,Non-saline,Medium,Low,High,High,Castor,Ricinus communis,20.0,30.0,15.0,39.0,600.0,1000.0,400.0,2000.0,5.0,6.5,4.5,8.0,deep (>>150 cm),shallow (20-50 cm),medium,"heavy, medium, light",low (<4 dS/m),well (dry spells),6,3,True,0.0,8644.380000000026,8.0,1.5,High risk,9,9,52.5,25329.0,59040.0,2330.93,24772.0,59853.0,2416.14,16575.0,38506.0,2323.15,22225.33333333333,52466.333333333336,2356.74,1,Yield-based (real district data)
Gandhinagar,23.2156,72.6369,27.583593896713623,9644.380000000026,51.04905633802825,19.19772428370128,loam,Slightly alkaline,,,Somewhat excessive,Very deep,Slightly alkaline,Non-saline,Medium,Low,High,High,Fenugreek,Trigonella foenum-graecum,8.0,27.0,,,400.0,1500.0,,,5.3,8.2,,,,,well-drained loamy soils,,,well-drained,1,4,True,0.5835938967136229,8144.3800000000265,8.0,0.0,Low risk,5,5,58.2,3.0,9.0,3000.0,,,,,,,3.0,9.0,3000.0,1,Yield-based (real district data)
Gir Somnath,20.907,70.367,26.552953051643183,10887.190000000004,64.50238967136153,19.194488022545844,loamy sand,Slightly alkaline,,,Well,Moderately shallow,Slightly alkaline,Non-saline,High,Medium,High,High,Isabgol,Plantago ovata,20.0,35.0,,,500.0,1250.0,,,7.2,7.9,,,medium (50-150 cm),shallow (20-50 cm),high,moderate,,well (dry spells),2,1,True,0.0,9637.190000000004,8.0,0.09999999999999964,Low risk,3,3,59.5,,,,,,,,,,0.0,0.0,0.0,1,Yield-based (real district data)
Gir Somnath,20.907,70.367,26.552953051643183,10887.190000000004,64.50238967136153,19.194488022545844,loamy sand,Slightly alkaline,,,Well,Moderately shallow,Slightly alkaline,Non-saline,High,Medium,High,High,Fennel,Foeniculum vulgare,15.0,25.0,6.0,32.0,700.0,1500.0,300.0,2600.0,6.5,7.5,4.8,8.2,medium (50-150 cm),shallow (20-50 cm),high,moderate,low (<4 dS/m),well (dry spells),14,7,True,1.5529530516431826,9387.190000000004,8.0,0.5,High risk,21,21,52.8,,,,,,,,,,0.0,0.0,0.0,1,Yield-based (real district data)
Gir Somnath,20.907,70.367,26.552953051643183,10887.190000000004,64.50238967136153,19.194488022545844,loamy sand,Slightly alkaline,,,Well,Moderately shallow,Slightly alkaline,Non-saline,High,Medium,High,High,Cumin,Cuminum cyminum,17.0,26.0,9.0,30.0,1200.0,1800.0,800.0,2700.0,5.0,6.5,4.5,8.3,medium (50-150 cm),shallow (20-50 cm),"medium, organic","medium, light",low (<4 dS/m),well (dry spells),4,7,True,0.5529530516431826,9087.190000000004,8.0,1.5,High risk,11,11,50.8,20.0,16.0,779.0,10.0,8.0,842.95,0.0,0.0,0.0,15.0,12.0,800.32,1,Yield-based (real district data)
Gir Somnath,20.907,70.367,26.552953051643183,10887.190000000004,64.50238967136153,19.194488022545844,loamy sand,Slightly alkaline,,,Well,Moderately shallow,Slightly alkaline,Non-saline,High,Medium,High,High,Castor,Ricinus communis,20.0,30.0,15.0,39.0,600.0,1000.0,400.0,2000.0,5.0,6.5,4.5,8.0,deep (>>150 cm),shallow (20-50 cm),medium,"heavy, medium, light",low (<4 dS/m),well (dry spells),6,3,True,0.0,9887.190000000004,8.0,1.5,High risk,9,9,52.5,105.0,204.0,1944.24,0.0,0.0,0.0,75.0,162.0,2155.42,60.0,122.0,1366.5533333333333,1,Yield-based (real district data)
Gir Somnath,20.907,70.367,26.552953051643183,10887.190000000004,64.50238967136153,19.194488022545844,loamy sand,Slightly alkaline,,,Well,Moderately shallow,Slightly alkaline,Non-saline,High,Medium,High,High,Fenugreek,Trigonella foenum-graecum,8.0,27.0,,,400.0,1500.0,,,5.3,8.2,,,,,well-drained loamy soils,,,well-drained,1,4,True,0.0,9387.190000000004,8.0,0.0,Low risk,5,5,60.0,290.0,409.0,1410.0,,,,,,,290.0,409.0,1410.0,1,Yield-based (real district data)
Jamnagar,22.4707,70.0577,26.703492957746505,9134.930000000024,64.78624413145536,19.06287458900889,sandy clay loam,Slightly alkaline,,,Well,Shallow,Slightly alkaline,Non-saline,Medium,Medium,High,Medium,Isabgol,Plantago ovata,20.0,35.0,,,500.0,1250.0,,,7.2,7.9,,,medium (50-150 cm),shallow (20-50 cm),high,moderate,,well (dry spells),2,1,True,0.0,7884.930000000024,8.0,0.09999999999999964,Low risk,3,3,59.5,,,,,,,,,,1.67,1.33,749.34,1,Yield-based (real district data)
Jamnagar,22.4707,70.0577,26.703492957746505,9134.930000000024,64.78624413145536,19.06287458900889,sandy clay loam,Slightly alkaline,,,Well,Shallow,Slightly alkaline,Non-saline,Medium,Medium,High,Medium,Fennel,Foeniculum vulgare,15.0,25.0,6.0,32.0,700.0,1500.0,300.0,2600.0,6.5,7.5,4.8,8.2,medium (50-150 cm),shallow (20-50 cm),high,moderate,low (<4 dS/m),well (dry spells),14,7,True,1.703492957746505,7634.930000000024,8.0,0.5,High risk,21,21,52.4,,,,,,,,,,0.0,0.0,0.0,1,Yield-based (real district data)
Jamnagar,22.4707,70.0577,26.703492957746505,9134.930000000024,64.78624413145536,19.06287458900889,sandy clay loam,Slightly alkaline,,,Well,Shallow,Slightly alkaline,Non-saline,Medium,Medium,High,Medium,Cumin,Cuminum cyminum,17.0,26.0,9.0,30.0,1200.0,1800.0,800.0,2700.0,5.0,6.5,4.5,8.3,medium (50-150 cm),shallow (20-50 cm),"medium, organic","medium, light",low (<4 dS/m),well (dry spells),4,7,True,0.703492957746505,7334.930000000024,8.0,1.5,High risk,11,11,50.4,16541.0,13790.0,833.7,23541.0,22446.0,953.48,11083.0,9237.0,833.48,17055.0,15158.000000000002,888.76,1,Yield-based (real district data)
Jamnagar,22.4707,70.0577,26.703492957746505,9134.930000000024,64.78624413145536,19.06287458900889,sandy clay loam,Slightly alkaline,,,Well,Shallow,Slightly alkaline,Non-saline,Medium,Medium,High,Medium,Castor,Ricinus communis,20.0,30.0,15.0,39.0,600.0,1000.0,400.0,2000.0,5.0,6.5,4.5,8.0,deep (>>150 cm),shallow (20-50 cm),medium,"heavy, medium, light",low (<4 dS/m),well (dry spells),6,3,True,0.0,8134.930000000024,8.0,1.5,High risk,9,9,52.5,4179.0,12296.0,2942.34,3204.0,9200.0,2871.4,3837.0,11323.0,2950.91,3740.0,10939.666666666666,2921.55,1,Yield-based (real district data)
Jamnagar,22.4707,70.0577,26.703492957746505,9134.930000000024,64.78624413145536,19.06287458900889,sandy clay loam,Slightly alkaline,,,Well,Shallow,Slightly alkaline,Non-saline,Medium,Medium,High,Medium,Fenugreek,Trigonella foenum-graecum,8.0,27.0,,,400.0,1500.0,,,5.3,8.2,,,,,well-drained loamy soils,,,well-drained,1,4,True,0.0,7634.930000000024,8.0,0.0,Low risk,5,5,60.0,102.0,158.0,1549.0,,,,,,,102.0,158.0,1549.0,1,Yield-based (real district data)
Junagadh,21.5222,70.4579,26.72390375586857,10949.350000000037,58.854974178403616,18.92396430248948,loamy sand,Moderately alkaline,,,Well,Moderately deep,Slightly alkaline,Non-saline,High,Medium,High,High,Isabgol,Plantago ovata,20.0,35.0,,,500.0,1250.0,,,7.2,7.9,,,medium (50-150 cm),shallow (20-50 cm),high,moderate,,well (dry spells),2,1,True,0.0,9699.350000000037,8.0,0.09999999999999964,Low risk,3,3,59.5,,,,,,,,,,22.33,17.67,798.59,1,Yield-based (real district data)
Junagadh,21.5222,70.4579,26.72390375586857,10949.350000000037,58.854974178403616,18.92396430248948,loamy sand,Moderately alkaline,,,Well,Moderately deep,Slightly alkaline,Non-saline,High,Medium,High,High,Fennel,Foeniculum vulgare,15.0,25.0,6.0,32.0,700.0,1500.0,300.0,2600.0,6.5,7.5,4.8,8.2,medium (50-150 cm),shallow (20-50 cm),high,moderate,low (<4 dS/m),well (dry spells),14,7,True,1.7239037558685695,9449.350000000037,8.0,0.5,High risk,21,21,52.3,,,,,,,,,,0.0,0.0,0.0,1,Yield-based (real district data)
Junagadh,21.5222,70.4579,26.72390375586857,10949.350000000037,58.854974178403616,18.92396430248948,loamy sand,Moderately alkaline,,,Well,Moderately deep,Slightly alkaline,Non-saline,High,Medium,High,High,Cumin,Cuminum cyminum,17.0,26.0,9.0,30.0,1200.0,1800.0,800.0,2700.0,5.0,6.5,4.5,8.3,medium (50-150 cm),shallow (20-50 cm),"medium, organic","medium, light",low (<4 dS/m),well (dry spells),4,7,True,0.7239037558685695,9149.350000000037,8.0,1.5,High risk,11,11,50.3,9481.0,14594.999999999998,1539.35,6904.000000000001,6864.0,994.18,5940.0,6119.0,1030.09,7442.0,9192.0,1235.26,1,Yield-based (real district data)
Junagadh,21.5222,70.4579,26.72390375586857,10949.350000000037,58.854974178403616,18.92396430248948,loamy sand,Moderately alkaline,,,Well,Moderately deep,Slightly alkaline,Non-saline,High,Medium,High,High,Castor,Ricinus communis,20.0,30.0,15.0,39.0,600.0,1000.0,400.0,2000.0,5.0,6.5,4.5,8.0,deep (>>150 cm),shallow (20-50 cm),medium,"heavy, medium, light",low (<4 dS/m),well (dry spells),6,3,True,0.0,9949.350000000037,8.0,1.5,High risk,9,9,52.5,481.0,935.0,1944.24,977.0,2013.0,2060.26,632.0,1362.0,2155.42,696.6666666666666,1436.6666666666667,2053.306666666667,1,Yield-based (real district data)
Junagadh,21.5222,70.4579,26.72390375586857,10949.350000000037,58.854974178403616,18.92396430248948,loamy sand,Moderately alkaline,,,Well,Moderately deep,Slightly alkaline,Non-saline,High,Medium,High,High,Fenugreek,Trigonella foenum-graecum,8.0,27.0,,,400.0,1500.0,,,5.3,8.2,,,,,well-drained loamy soils,,,well-drained,1,4,True,0.0,9449.350000000037,8.0,0.0,Low risk,5,5,60.0,90.0,131.0,1456.0,,,,,,,90.0,131.0,1456.0,1,Yield-based (real district data)
Kheda,22.6916,72.8634,27.481103286385043,11487.060000000023,54.25042253521119,18.94018788163456,loam,Slightly alkaline,,,Well,Deep,Normal,Non-saline,Medium,Low,High,High,Isabgol,Plantago ovata,20.0,35.0,,,500.0,1250.0,,,7.2,7.9,,,medium (50-150 cm),shallow (20-50 cm),high,moderate,,well (dry spells),2,1,True,0.0,10237.060000000023,7.0,0.20000000000000018,Low risk,3,3,59.0,,,,,,,,,,5.33,4.33,806.32,1,Yield-based (real district data)
Kheda,22.6916,72.8634,27.481103286385043,11487.060000000023,54.25042253521119,18.94018788163456,loam,Slightly alkaline,,,Well,Deep,Normal,Non-saline,Medium,Low,High,High,Fennel,Foeniculum vulgare,15.0,25.0,6.0,32.0,700.0,1500.0,300.0,2600.0,6.5,7.5,4.8,8.2,medium (50-150 cm),shallow (20-50 cm),high,moderate,low (<4 dS/m),well (dry spells),14,7,True,2.481103286385043,9987.060000000023,7.0,0.0,High risk,21,21,52.6,,,,,,,,,,800.3333333333334,1348.6666666666667,1659.55,1,Yield-based (real district data)
Kheda,22.6916,72.8634,27.481103286385043,11487.060000000023,54.25042253521119,18.94018788163456,loam,Slightly alkaline,,,Well,Deep,Normal,Non-saline,Medium,Low,High,High,Cumin,Cuminum cyminum,17.0,26.0,9.0,30.0,1200.0,1800.0,800.0,2700.0,5.0,6.5,4.5,8.3,medium (50-150 cm),shallow (20-50 cm),"medium, organic","medium, light",low (<4 dS/m),well (dry spells),4,7,True,1.4811032863850428,9687.060000000023,7.0,0.5,High risk,11,11,53.1,130.0,101.0,779.0,108.0,91.0,842.95,112.0,81.0,721.01,117.0,91.0,780.18,1,Yield-based (real district data)
Kheda,22.6916,72.8634,27.481103286385043,11487.060000000023,54.25042253521119,18.94018788163456,loam,Slightly alkaline,,,Well,Deep,Normal,Non-saline,Medium,Low,High,High,Castor,Ricinus communis,20.0,30.0,15.0,39.0,600.0,1000.0,400.0,2000.0,5.0,6.5,4.5,8.0,deep (>>150 cm),shallow (20-50 cm),medium,"heavy, medium, light",low (<4 dS/m),well (dry spells),6,3,True,0.0,10487.060000000023,7.0,0.5,High risk,9,9,57.5,3272.9999999999995,3494.0,1067.49,3083.0,3840.0,1245.66,3550.0,5048.0,1422.08,3302.0,4127.333333333333,1245.0766666666666,1,Yield-based (real district data)
Kheda,22.6916,72.8634,27.481103286385043,11487.060000000023,54.25042253521119,18.94018788163456,loam,Slightly alkaline,,,Well,Deep,Normal,Non-saline,Medium,Low,High,High,Fenugreek,Trigonella foenum-graecum,8.0,27.0,,,400.0,1500.0,,,5.3,8.2,,,,,well-drained loamy soils,,,well-drained,1,4,True,0.48110328638504285,9987.060000000023,7.0,0.0,Low risk,5,5,58.6,35.0,61.0,1743.0,,,,,,,35.0,61.0,1743.0,1,Yield-based (real district data)
Kutch,23.242,69.6669,26.2987089201879,7863.710000000015,62.00881690140848,19.278431188351327,loam,Slightly alkaline,,,Well,Moderately deep,Slightly alkaline,Non-saline,Low,Low,High,Medium,Isabgol,Plantago ovata,20.0,35.0,,,500.0,1250.0,,,7.2,7.9,,,medium (50-150 cm),shallow (20-50 cm),high,moderate,,well (dry spells),2,1,True,0.0,6613.710000000015,8.0,0.09999999999999964,Low risk,3,3,59.5,,,,,,,,,,6456.0,5076.33,786.32,1,Yield-based (real district data)
Kutch,23.242,69.6669,26.2987089201879,7863.710000000015,62.00881690140848,19.278431188351327,loam,Slightly alkaline,,,Well,Moderately deep,Slightly alkaline,Non-saline,Low,Low,High,Medium,Fennel,Foeniculum vulgare,15.0,25.0,6.0,32.0,700.0,1500.0,300.0,2600.0,6.5,7.5,4.8,8.2,medium (50-150 cm),shallow (20-50 cm),high,moderate,low (<4 dS/m),well (dry spells),14,7,True,1.2987089201878987,6363.710000000015,8.0,0.5,High risk,21,21,53.6,,,,,,,,,,1727.6666666666667,3653.6666666666665,2119.556666666667,1,Yield-based (real district data)
Kutch,23.242,69.6669,26.2987089201879,7863.710000000015,62.00881690140848,19.278431188351327,loam,Slightly alkaline,,,Well,Moderately deep,Slightly alkaline,Non-saline,Low,Low,High,Medium,Cumin,Cuminum cyminum,17.0,26.0,9.0,30.0,1200.0,1800.0,800.0,2700.0,5.0,6.5,4.5,8.3,medium (50-150 cm),shallow (20-50 cm),"medium, organic","medium, light",low (<4 dS/m),well (dry spells),4,7,True,0.29870892018789874,6063.710000000015,8.0,1.5,High risk,11,11,51.6,62090.0,52654.99999999999,848.05,71798.0,64092.99999999999,892.69,41284.0,36689.0,888.71,58391.0,51146.0,875.93,1,Yield-based (real district data)
Kutch,23.242,69.6669,26.2987089201879,7863.710000000015,62.00881690140848,19.278431188351327,loam,Slightly alkaline,,,Well,Moderately deep,Slightly alkaline,Non-saline,Low,Low,High,Medium,Castor,Ricinus communis,20.0,30.0,15.0,39.0,600.0,1000.0,400.0,2000.0,5.0,6.5,4.5,8.0,deep (>>150 cm),shallow (20-50 cm),medium,"heavy, medium, light",low (<4 dS/m),well (dry spells),6,3,True,0.0,6863.710000000015,8.0,1.5,High risk,9,9,52.5,133589.0,208297.0,1559.24,126299.0,229157.00000000003,1814.4,132883.0,239940.0,1805.65,130923.66666666669,225798.0,1726.43,1,Yield-based (real district data)
Kutch,23.242,69.6669,26.2987089201879,7863.710000000015,62.00881690140848,19.278431188351327,loam,Slightly alkaline,,,Well,Moderately deep,Slightly alkaline,Non-saline,Low,Low,High,Medium,Fenugreek,Trigonella foenum-graecum,8.0,27.0,,,400.0,1500.0,,,5.3,8.2,,,,,well-drained loamy soils,,,well-drained,1,4,True,0.0,6363.710000000015,8.0,0.0,Low risk,5,5,60.0,147.0,312.0,2122.0,,,,,,,147.0,312.0,2122.0,1,Yield-based (real district data)
Mahisagar,23.128,73.61,26.93927699530521,11029.720000000025,52.84276995305157,18.91478628464068,sandy clay loam,Slightly alkaline,,,Moderately well,Very deep,Normal,Non-saline,Medium,Low,High,High,Isabgol,Plantago ovata,20.0,35.0,,,500.0,1250.0,,,7.2,7.9,,,medium (50-150 cm),shallow (20-50 cm),high,moderate,,well (dry spells),2,1,True,0.0,9779.720000000025,7.0,0.20000000000000018,Low risk,3,3,59.0,,,,,,,,,,0.0,0.0,0.0,1,Yield-based (real district data)
Mahisagar,23.128,73.61,26.93927699530521,11029.720000000025,52.84276995305157,18.91478628464068,sandy clay loam,Slightly alkaline,,,Moderately well,Very deep,Normal,Non-saline,Medium,Low,High,High,Fennel,Foeniculum vulgare,15.0,25.0,6.0,32.0,700.0,1500.0,300.0,2600.0,6.5,7.5,4.8,8.2,medium (50-150 cm),shallow (20-50 cm),high,moderate,low (<4 dS/m),well (dry spells),14,7,True,1.9392769953052102,9529.720000000025,7.0,0.0,High risk,21,21,54.2,,,,,,,,,,95.66666666666669,170.33333333333334,1777.05,1,Yield-based (real district data)
Mahisagar,23.128,73.61,26.93927699530521,11029.720000000025,52.84276995305157,18.91478628464068,sandy clay loam,Slightly alkaline,,,Moderately well,Very deep,Normal,Non-saline,Medium,Low,High,High,Cumin,Cuminum cyminum,17.0,26.0,9.0,30.0,1200.0,1800.0,800.0,2700.0,5.0,6.5,4.5,8.3,medium (50-150 cm),shallow (20-50 cm),"medium, organic","medium, light",low (<4 dS/m),well (dry spells),4,7,True,0.9392769953052102,9229.720000000025,7.0,0.5,High risk,11,11,54.7,0.0,0.0,0.0,3.0,3.0,842.95,0.0,0.0,0.0,3.0,3.0,842.95,1,Yield-based (real district data)
Mahisagar,23.128,73.61,26.93927699530521,11029.720000000025,52.84276995305157,18.91478628464068,sandy clay loam,Slightly alkaline,,,Moderately well,Very deep,Normal,Non-saline,Medium,Low,High,High,Castor,Ricinus communis,20.0,30.0,15.0,39.0,600.0,1000.0,400.0,2000.0,5.0,6.5,4.5,8.0,deep (>>150 cm),shallow (20-50 cm),medium,"heavy, medium, light",low (<4 dS/m),well (dry spells),6,3,True,0.0,10029.720000000025,7.0,0.5,High risk,9,9,57.5,13922.999999999998,14568.0,1046.35,16713.0,18013.0,1077.78,17789.0,22710.0,1276.64,16141.666666666666,18430.33333333333,1133.59,1,Yield-based (real district data)
Mahisagar,23.128,73.61,26.93927699530521,11029.720000000025,52.84276995305157,18.91478628464068,sandy clay loam,Slightly alkaline,,,Moderately well,Very deep,Normal,Non-saline,Medium,Low,High,High,Fenugreek,Trigonella foenum-graecum,8.0,27.0,,,400.0,1500.0,,,5.3,8.2,,,,,well-drained loamy soils,,,well-drained,1,4,True,0.0,9529.720000000025,7.0,0.0,Low risk,5,5,60.0,200.0,316.0,1580.0,,,,,,,200.0,316.0,1580.0,1,Yield-based (real district data)
Mehsana,23.588,72.3693,27.371755868544604,9278.140000000025,49.52211267605638,19.19772428370128,loam,Slightly alkaline,Moderate,Slight,Well,Very deep,Slightly alkaline,Non-saline,Low,Low,High,High,Isabgol,Plantago ovata,20.0,35.0,,,500.0,1250.0,,,7.2,7.9,,,medium (50-150 cm),shallow (20-50 cm),high,moderate,,well (dry spells),2,1,True,0.0,8028.140000000025,8.0,0.09999999999999964,Low risk,3,3,59.5,,,,,,,,,,41.0,32.67,801.3,1,Yield-based (real district data)
Mehsana,23.588,72.3693,27.371755868544604,9278.140000000025,49.52211267605638,19.19772428370128,loam,Slightly alkaline,Moderate,Slight,Well,Very deep,Slightly alkaline,Non-saline,Low,Low,High,High,Fennel,Foeniculum vulgare,15.0,25.0,6.0,32.0,700.0,1500.0,300.0,2600.0,6.5,7.5,4.8,8.2,medium (50-150 cm),shallow (20-50 cm),high,moderate,low (<4 dS/m),well (dry spells),14,7,True,2.3717558685446036,7778.140000000025,8.0,0.5,High risk,21,21,50.4,,,,,,,,,,3915.3333333333335,6294.666666666667,1608.6666666666667,1,Yield-based (real district data)
Mehsana,23.588,72.3693,27.371755868544604,9278.140000000025,49.52211267605638,19.19772428370128,loam,Slightly alkaline,Moderate,Slight,Well,Very deep,Slightly alkaline,Non-saline,Low,Low,High,High,Cumin,Cuminum cyminum,17.0,26.0,9.0,30.0,1200.0,1800.0,800.0,2700.0,5.0,6.5,4.5,8.3,medium (50-150 cm),shallow (20-50 cm),"medium, organic","medium, light",low (<4 dS/m),well (dry spells),4,7,True,1.3717558685446036,7478.140000000025,8.0,1.5,High risk,11,11,48.4,827.9999999999999,471.0,568.87,451.0,380.0,842.95,230.0,166.0,721.01,503.0,339.0,673.97,1,Yield-based (real district data)
Mehsana,23.588,72.3693,27.371755868544604,9278.140000000025,49.52211267605638,19.19772428370128,loam,Slightly alkaline,Moderate,Slight,Well,Very deep,Slightly alkaline,Non-saline,Low,Low,High,High,Castor,Ricinus communis,20.0,30.0,15.0,39.0,600.0,1000.0,400.0,2000.0,5.0,6.5,4.5,8.0,deep (>>150 cm),shallow (20-50 cm),medium,"heavy, medium, light",low (<4 dS/m),well (dry spells),6,3,True,0.0,8278.140000000025,8.0,1.5,High risk,9,9,52.5,97776.0,233669.0,2389.84,81395.0,196038.0,2408.48,82858.0,204985.0,2473.93,87343.0,211564.0,2424.083333333333,1,Yield-based (real district data)
Mehsana,23.588,72.3693,27.371755868544604,9278.140000000025,49.52211267605638,19.19772428370128,loam,Slightly alkaline,Moderate,Slight,Well,Very deep,Slightly alkaline,Non-saline,Low,Low,High,High,Fenugreek,Trigonella foenum-graecum,8.0,27.0,,,400.0,1500.0,,,5.3,8.2,,,,,well-drained loamy soils,,,well-drained,1,4,True,0.37175586854460363,7778.140000000025,8.0,0.0,Low risk,5,5,58.9,464.0,1021.0,2200.0,,,,,,,464.0,1021.0,2200.0,1,Yield-based (real district data)
Morbi,22.812,70.8236,27.25831220657281,8039.870000000022,55.07312441314555,19.06287458900889,loam,Slightly alkaline,,,Well,Deep,Slightly alkaline,Non-saline,Medium,Medium,Medium,Medium,Isabgol,Plantago ovata,20.0,35.0,,,500.0,1250.0,,,7.2,7.9,,,medium (50-150 cm),shallow (20-50 cm),high,moderate,,well (dry spells),2,1,True,0.0,6789.870000000022,8.0,0.09999999999999964,Low risk,3,3,59.5,,,,,,,,,,43.33,34.0,791.77,1,Yield-based (real district data)
Morbi,22.812,70.8236,27.25831220657281,8039.870000000022,55.07312441314555,19.06287458900889,loam,Slightly alkaline,,,Well,Deep,Slightly alkaline,Non-saline,Medium,Medium,Medium,Medium,Fennel,Foeniculum vulgare,15.0,25.0,6.0,32.0,700.0,1500.0,300.0,2600.0,6.5,7.5,4.8,8.2,medium (50-150 cm),shallow (20-50 cm),high,moderate,low (<4 dS/m),well (dry spells),14,7,True,2.2583122065728105,6539.870000000022,8.0,0.5,High risk,21,21,50.7,,,,,,,,,,1851.6666666666667,3839.0,2007.5333333333333,1,Yield-based (real district data)
Morbi,22.812,70.8236,27.25831220657281,8039.870000000022,55.07312441314555,19.06287458900889,loam,Slightly alkaline,,,Well,Deep,Slightly alkaline,Non-saline,Medium,Medium,Medium,Medium,Cumin,Cuminum cyminum,17.0,26.0,9.0,30.0,1200.0,1800.0,800.0,2700.0,5.0,6.5,4.5,8.3,medium (50-150 cm),shallow (20-50 cm),"medium, organic","medium, light",low (<4 dS/m),well (dry spells),4,7,True,1.2583122065728105,6239.870000000022,8.0,1.5,High risk,11,11,48.7,8610.0,5873.0,682.17,24583.0,17293.0,703.46,23935.0,18897.0,789.52,19043.0,14021.0,736.31,1,Yield-based (real district data)
Morbi,22.812,70.8236,27.25831220657281,8039.870000000022,55.07312441314555,19.06287458900889,loam,Slightly alkaline,,,Well,Deep,Slightly alkaline,Non-saline,Medium,Medium,Medium,Medium,Castor,Ricinus communis,20.0,30.0,15.0,39.0,600.0,1000.0,400.0,2000.0,5.0,6.5,4.5,8.0,deep (>>150 cm),shallow (20-50 cm),medium,"heavy, medium, light",low (<4 dS/m),well (dry spells),6,3,True,0.0,7039.870000000022,8.0,1.5,High risk,9,9,52.5,20396.0,41411.0,2030.36,3935.0,8646.0,2197.42,8470.0,27784.0,3280.27,10933.666666666666,25947.0,2502.6833333333334,1,Yield-based (real district data)
Morbi,22.812,70.8236,27.25831220657281,8039.870000000022,55.07312441314555,19.06287458900889,loam,Slightly alkaline,,,Well,Deep,Slightly alkaline,Non-saline,Medium,Medium,Medium,Medium,Fenugreek,Trigonella foenum-graecum,8.0,27.0,,,400.0,1500.0,,,5.3,8.2,,,,,well-drained loamy soils,,,well-drained,1,4,True,0.2583122065728105,6539.870000000022,8.0,0.0,Low risk,5,5,59.2,180.0,392.0,2178.0,,,,,,,180.0,392.0,2178.0,1,Yield-based (real district data)
Narmada,21.8667,73.5,26.813699530516445,13569.85000000003,56.37964084507045,18.394581963363148,clay (light),Neutral,,,Well,Shallow,Normal,Non-saline,High,Low,High,High,Isabgol,Plantago ovata,20.0,35.0,,,500.0,1250.0,,,7.2,7.9,,,medium (50-150 cm),shallow (20-50 cm),high,moderate,,well (dry spells),2,1,True,0.0,12319.85000000003,7.0,0.20000000000000018,Low risk,3,3,59.0,,,,,,,,,,0.0,0.0,0.0,1,Yield-based (real district data)
Narmada,21.8667,73.5,26.813699530516445,13569.85000000003,56.37964084507045,18.394581963363148,clay (light),Neutral,,,Well,Shallow,Normal,Non-saline,High,Low,High,High,Fennel,Foeniculum vulgare,15.0,25.0,6.0,32.0,700.0,1500.0,300.0,2600.0,6.5,7.5,4.8,8.2,medium (50-150 cm),shallow (20-50 cm),high,moderate,low (<4 dS/m),well (dry spells),14,7,True,1.8136995305164447,12069.85000000003,7.0,0.0,High risk,21,21,54.6,,,,,,,,,,0.0,0.0,0.0,1,Yield-based (real district data)
Narmada,21.8667,73.5,26.813699530516445,13569.85000000003,56.37964084507045,18.394581963363148,clay (light),Neutral,,,Well,Shallow,Normal,Non-saline,High,Low,High,High,Cumin,Cuminum cyminum,17.0,26.0,9.0,30.0,1200.0,1800.0,800.0,2700.0,5.0,6.5,4.5,8.3,medium (50-150 cm),shallow (20-50 cm),"medium, organic","medium, light",low (<4 dS/m),well (dry spells),4,7,True,0.8136995305164447,11769.85000000003,7.0,0.5,High risk,11,11,55.1,0.0,0.0,0.0,0.0,0.0,0.0,0.0,0.0,0.0,0.0,0.0,0.0,1,Yield-based (real district data)
Narmada,21.8667,73.5,26.813699530516445,13569.85000000003,56.37964084507045,18.394581963363148,clay (light),Neutral,,,Well,Shallow,Normal,Non-saline,High,Low,High,High,Castor,Ricinus communis,20.0,30.0,15.0,39.0,600.0,1000.0,400.0,2000.0,5.0,6.5,4.5,8.0,deep (>>150 cm),shallow (20-50 cm),medium,"heavy, medium, light",low (<4 dS/m),well (dry spells),6,3,True,0.0,12569.85000000003,7.0,0.5,High risk,9,9,57.5,25528.0,26411.0,1034.58,25411.0,27373.0,1077.21,20783.0,23056.0,1109.35,23907.33333333333,25613.33333333333,1073.7133333333334,1,Yield-based (real district data)
Narmada,21.8667,73.5,26.813699530516445,13569.85000000003,56.37964084507045,18.394581963363148,clay (light),Neutral,,,Well,Shallow,Normal,Non-saline,High,Low,High,High,Fenugreek,Trigonella foenum-graecum,8.0,27.0,,,400.0,1500.0,,,5.3,8.2,,,,,well-drained loamy soils,,,well-drained,1,4,True,0.0,12069.85000000003,7.0,0.0,Low risk,5,5,60.0,75.0,143.0,1907.0,,,,,,,75.0,143.0,1907.0,1,Yield-based (real district data)
Navsari,20.9467,72.952,27.343089201877905,19328.470000000045,61.59523004694822,18.371514795678728,clay (light),Slightly alkaline,Strong,,Poor,Deep,Normal,Non-saline,High,Medium,High,High,Isabgol,Plantago ovata,20.0,35.0,,,500.0,1250.0,,,7.2,7.9,,,medium (50-150 cm),shallow (20-50 cm),high,moderate,,well (dry spells),2,1,True,0.0,18078.470000000045,7.0,0.20000000000000018,Low risk,3,3,59.0,,,,,,,,,,0.0,0.0,0.0,1,Yield-based (real district data)
Navsari,20.9467,72.952,27.343089201877905,19328.470000000045,61.59523004694822,18.371514795678728,clay (light),Slightly alkaline,Strong,,Poor,Deep,Normal,Non-saline,High,Medium,High,High,Fennel,Foeniculum vulgare,15.0,25.0,6.0,32.0,700.0,1500.0,300.0,2600.0,6.5,7.5,4.8,8.2,medium (50-150 cm),shallow (20-50 cm),high,moderate,low (<4 dS/m),well (dry spells),14,7,True,2.3430892018779055,17828.470000000045,7.0,0.0,High risk,21,21,53.0,,,,,,,,,,0.0,0.0,0.0,1,Yield-based (real district data)
Navsari,20.9467,72.952,27.343089201877905,19328.470000000045,61.59523004694822,18.371514795678728,clay (light),Slightly alkaline,Strong,,Poor,Deep,Normal,Non-saline,High,Medium,High,High,Cumin,Cuminum cyminum,17.0,26.0,9.0,30.0,1200.0,1800.0,800.0,2700.0,5.0,6.5,4.5,8.3,medium (50-150 cm),shallow (20-50 cm),"medium, organic","medium, light",low (<4 dS/m),well (dry spells),4,7,True,1.3430892018779055,17528.470000000045,7.0,0.5,High risk,11,11,53.5,0.0,0.0,0.0,0.0,0.0,0.0,0.0,0.0,0.0,0.0,0.0,0.0,1,Yield-based (real district data)
Navsari,20.9467,72.952,27.343089201877905,19328.470000000045,61.59523004694822,18.371514795678728,clay (light),Slightly alkaline,Strong,,Poor,Deep,Normal,Non-saline,High,Medium,High,High,Castor,Ricinus communis,20.0,30.0,15.0,39.0,600.0,1000.0,400.0,2000.0,5.0,6.5,4.5,8.0,deep (>>150 cm),shallow (20-50 cm),medium,"heavy, medium, light",low (<4 dS/m),well (dry spells),6,3,True,0.0,18328.470000000045,7.0,0.5,High risk,9,9,57.5,5545.0,4842.0,873.21,3914.0,3173.0,810.64,3028.0,3003.0,991.69,4162.333333333333,3672.6666666666665,891.8466666666667,1,Yield-based (real district data)
Navsari,20.9467,72.952,27.343089201877905,19328.470000000045,61.59523004694822,18.371514795678728,clay (light),Slightly alkaline,Strong,,Poor,Deep,Normal,Non-saline,High,Medium,High,High,Fenugreek,Trigonella foenum-graecum,8.0,27.0,,,400.0,1500.0,,,5.3,8.2,,,,,well-drained loamy soils,,,well-drained,1,4,True,0.3430892018779055,17828.470000000045,7.0,0.0,Low risk,5,5,59.0,152.0,296.0,1947.0,,,,,,,152.0,296.0,1947.0,1,Yield-based (real district data)
Panchmahal,22.7788,73.6143,26.93927699530521,11029.720000000025,52.84276995305157,18.77077501174261,sandy clay loam,Neutral,,,Well,Moderately deep,Normal,Non-saline,Medium,Low,High,High,Isabgol,Plantago ovata,20.0,35.0,,,500.0,1250.0,,,7.2,7.9,,,medium (50-150 cm),shallow (20-50 cm),high,moderate,,well (dry spells),2,1,True,0.0,9779.720000000025,7.0,0.20000000000000018,Low risk,3,3,59.0,,,,,,,,,,1.0,0.67,749.34,1,Yield-based (real district data)
Panchmahal,22.7788,73.6143,26.93927699530521,11029.720000000025,52.84276995305157,18.77077501174261,sandy clay loam,Neutral,,,Well,Moderately deep,Normal,Non-saline,Medium,Low,High,High,Fennel,Foeniculum vulgare,15.0,25.0,6.0,32.0,700.0,1500.0,300.0,2600.0,6.5,7.5,4.8,8.2,medium (50-150 cm),shallow (20-50 cm),high,moderate,low (<4 dS/m),well (dry spells),14,7,True,1.9392769953052102,9529.720000000025,7.0,0.0,High risk,21,21,54.2,,,,,,,,,,171.66666666666666,304.6666666666667,1777.05,1,Yield-based (real district data)
Panchmahal,22.7788,73.6143,26.93927699530521,11029.720000000025,52.84276995305157,18.77077501174261,sandy clay loam,Neutral,,,Well,Moderately deep,Normal,Non-saline,Medium,Low,High,High,Cumin,Cuminum cyminum,17.0,26.0,9.0,30.0,1200.0,1800.0,800.0,2700.0,5.0,6.5,4.5,8.3,medium (50-150 cm),shallow (20-50 cm),"medium, organic","medium, light",low (<4 dS/m),well (dry spells),4,7,True,0.9392769953052102,9229.720000000025,7.0,0.5,High risk,11,11,54.7,0.0,0.0,0.0,19.0,16.0,842.95,18.0,13.0,721.01,19.0,14.000000000000002,783.63,1,Yield-based (real district data)
Panchmahal,22.7788,73.6143,26.93927699530521,11029.720000000025,52.84276995305157,18.77077501174261,sandy clay loam,Neutral,,,Well,Moderately deep,Normal,Non-saline,Medium,Low,High,High,Castor,Ricinus communis,20.0,30.0,15.0,39.0,600.0,1000.0,400.0,2000.0,5.0,6.5,4.5,8.0,deep (>>150 cm),shallow (20-50 cm),medium,"heavy, medium, light",low (<4 dS/m),well (dry spells),6,3,True,0.0,10029.720000000025,7.0,0.5,High risk,9,9,57.5,19194.0,23920.0,1246.22,19873.0,24833.0,1249.58,19458.0,26277.0,1350.46,19508.33333333333,25010.0,1282.0866666666668,1,Yield-based (real district data)
Panchmahal,22.7788,73.6143,26.93927699530521,11029.720000000025,52.84276995305157,18.77077501174261,sandy clay loam,Neutral,,,Well,Moderately deep,Normal,Non-saline,Medium,Low,High,High,Fenugreek,Trigonella foenum-graecum,8.0,27.0,,,400.0,1500.0,,,5.3,8.2,,,,,well-drained loamy soils,,,well-drained,1,4,True,0.0,9529.720000000025,7.0,0.0,Low risk,5,5,60.0,475.0,689.0,1451.0,,,,,,,475.0,689.0,1451.0,1,Yield-based (real district data)
Patan,23.8493,72.1266,27.53598356807507,8404.610000000028,48.31957042253512,19.19772428370128,loam,Moderately alkaline,Moderate,Slight,Well,Very deep,Slightly alkaline,Non-saline,Low,Low,High,High,Isabgol,Plantago ovata,20.0,35.0,,,500.0,1250.0,,,7.2,7.9,,,medium (50-150 cm),shallow (20-50 cm),high,moderate,,well (dry spells),2,1,True,0.0,7154.610000000028,8.0,0.09999999999999964,Low risk,3,3,59.5,,,,,,,,,,1734.33,1363.33,786.17,1,Yield-based (real district data)
Patan,23.8493,72.1266,27.53598356807507,8404.610000000028,48.31957042253512,19.19772428370128,loam,Moderately alkaline,Moderate,Slight,Well,Very deep,Slightly alkaline,Non-saline,Low,Low,High,High,Fennel,Foeniculum vulgare,15.0,25.0,6.0,32.0,700.0,1500.0,300.0,2600.0,6.5,7.5,4.8,8.2,medium (50-150 cm),shallow (20-50 cm),high,moderate,low (<4 dS/m),well (dry spells),14,7,True,2.5359835680750713,6904.610000000028,8.0,0.5,High risk,21,21,49.9,,,,,,,,,,2706.0,4103.0,1522.763333333333,1,Yield-based (real district data)
Patan,23.8493,72.1266,27.53598356807507,8404.610000000028,48.31957042253512,19.19772428370128,loam,Moderately alkaline,Moderate,Slight,Well,Very deep,Slightly alkaline,Non-saline,Low,Low,High,High,Cumin,Cuminum cyminum,17.0,26.0,9.0,30.0,1200.0,1800.0,800.0,2700.0,5.0,6.5,4.5,8.3,medium (50-150 cm),shallow (20-50 cm),"medium, organic","medium, light",low (<4 dS/m),well (dry spells),4,7,True,1.5359835680750713,6604.610000000028,8.0,1.5,High risk,11,11,47.9,48283.0,25190.0,521.71,33448.0,26890.0,803.93,21415.0,11686.0,545.68,34382.0,21255.0,618.2,1,Yield-based (real district data)
Patan,23.8493,72.1266,27.53598356807507,8404.610000000028,48.31957042253512,19.19772428370128,loam,Moderately alkaline,Moderate,Slight,Well,Very deep,Slightly alkaline,Non-saline,Low,Low,High,High,Castor,Ricinus communis,20.0,30.0,15.0,39.0,600.0,1000.0,400.0,2000.0,5.0,6.5,4.5,8.0,deep (>>150 cm),shallow (20-50 cm),medium,"heavy, medium, light",low (<4 dS/m),well (dry spells),6,3,True,0.0,7404.610000000028,8.0,1.5,High risk,9,9,52.5,108631.0,187119.0,1722.52,99588.0,190581.0,1913.7,95883.0,200453.0,2090.6,101367.33333333331,192717.66666666663,1908.94,1,Yield-based (real district data)
Patan,23.8493,72.1266,27.53598356807507,8404.610000000028,48.31957042253512,19.19772428370128,loam,Moderately alkaline,Moderate,Slight,Well,Very deep,Slightly alkaline,Non-saline,Low,Low,High,High,Fenugreek,Trigonella foenum-graecum,8.0,27.0,,,400.0,1500.0,,,5.3,8.2,,,,,well-drained loamy soils,,,well-drained,1,4,True,0.5359835680750713,6904.610000000028,8.0,0.0,Low risk,5,5,58.4,886.0,1710.0,1930.0,,,,,,,886.0,1710.0,1930.0,1,Yield-based (real district data)
Porbandar,21.6417,69.6293,26.82830751173711,10913.01000000004,72.07227230046931,19.73377172381401,sandy clay loam,Moderately alkaline,Strong,Moderate,Very poor,Very deep,Slightly alkaline,Non-saline,Medium,Medium,High,Medium,Isabgol,Plantago ovata,20.0,35.0,,,500.0,1250.0,,,7.2,7.9,,,medium (50-150 cm),shallow (20-50 cm),high,moderate,,well (dry spells),2,1,True,0.0,9663.01000000004,8.0,0.09999999999999964,Low risk,3,3,59.5,,,,,,,,,,0.0,0.0,0.0,1,Yield-based (real district data)
Porbandar,21.6417,69.6293,26.82830751173711,10913.01000000004,72.07227230046931,19.73377172381401,sandy clay loam,Moderately alkaline,Strong,Moderate,Very poor,Very deep,Slightly alkaline,Non-saline,Medium,Medium,High,Medium,Fennel,Foeniculum vulgare,15.0,25.0,6.0,32.0,700.0,1500.0,300.0,2600.0,6.5,7.5,4.8,8.2,medium (50-150 cm),shallow (20-50 cm),high,moderate,low (<4 dS/m),well (dry spells),14,7,True,1.8283075117371084,9413.01000000004,8.0,0.5,High risk,21,21,52.0,,,,,,,,,,0.0,0.0,0.0,1,Yield-based (real district data)
Porbandar,21.6417,69.6293,26.82830751173711,10913.01000000004,72.07227230046931,19.73377172381401,sandy clay loam,Moderately alkaline,Strong,Moderate,Very poor,Very deep,Slightly alkaline,Non-saline,Medium,Medium,High,Medium,Cumin,Cuminum cyminum,17.0,26.0,9.0,30.0,1200.0,1800.0,800.0,2700.0,5.0,6.5,4.5,8.3,medium (50-150 cm),shallow (20-50 cm),"medium, organic","medium, light",low (<4 dS/m),well (dry spells),4,7,True,0.8283075117371084,9113.01000000004,8.0,1.5,High risk,11,11,50.0,30210.000000000004,31172.000000000004,1031.83,16748.0,18156.0,1084.04,13950.0,10719.0,768.39,20303.0,20015.0,985.85,1,Yield-based (real district data)
Porbandar,21.6417,69.6293,26.82830751173711,10913.01000000004,72.07227230046931,19.73377172381401,sandy clay loam,Moderately alkaline,Strong,Moderate,Very poor,Very deep,Slightly alkaline,Non-saline,Medium,Medium,High,Medium,Castor,Ricinus communis,20.0,30.0,15.0,39.0,600.0,1000.0,400.0,2000.0,5.0,6.5,4.5,8.0,deep (>>150 cm),shallow (20-50 cm),medium,"heavy, medium, light",low (<4 dS/m),well (dry spells),6,3,True,0.0,9913.01000000004,8.0,1.5,High risk,9,9,52.5,35.0,43.0,1229.14,0.0,0.0,0.0,0.0,0.0,0.0,11.666666666666666,14.333333333333334,409.71333333333337,1,Yield-based (real district data)
Porbandar,21.6417,69.6293,26.82830751173711,10913.01000000004,72.07227230046931,19.73377172381401,sandy clay loam,Moderately alkaline,Strong,Moderate,Very poor,Very deep,Slightly alkaline,Non-saline,Medium,Medium,High,Medium,Fenugreek,Trigonella foenum-graecum,8.0,27.0,,,400.0,1500.0,,,5.3,8.2,,,,,well-drained loamy soils,,,well-drained,1,4,True,0.0,9413.01000000004,8.0,0.0,Low risk,5,5,60.0,,,,,,,,,,,,,0,Requirement-matching (no district yield data available)
Rajkot,22.3039,70.8022,26.79673708920188,9379.460000000036,57.78754929577445,19.06287458900889,sandy clay loam,Slightly alkaline,,,Well,Shallow,Slightly alkaline,Non-saline,Medium,Medium,Medium,Medium,Isabgol,Plantago ovata,20.0,35.0,,,500.0,1250.0,,,7.2,7.9,,,medium (50-150 cm),shallow (20-50 cm),high,moderate,,well (dry spells),2,1,True,0.0,8129.4600000000355,8.0,0.09999999999999964,Low risk,3,3,59.5,,,,,,,,,,0.0,0.0,0.0,1,Yield-based (real district data)
Rajkot,22.3039,70.8022,26.79673708920188,9379.460000000036,57.78754929577445,19.06287458900889,sandy clay loam,Slightly alkaline,,,Well,Shallow,Slightly alkaline,Non-saline,Medium,Medium,Medium,Medium,Fennel,Foeniculum vulgare,15.0,25.0,6.0,32.0,700.0,1500.0,300.0,2600.0,6.5,7.5,4.8,8.2,medium (50-150 cm),shallow (20-50 cm),high,moderate,low (<4 dS/m),well (dry spells),14,7,True,1.79673708920188,7879.4600000000355,8.0,0.5,High risk,21,21,52.1,,,,,,,,,,0.0,0.0,0.0,1,Yield-based (real district data)
Rajkot,22.3039,70.8022,26.79673708920188,9379.460000000036,57.78754929577445,19.06287458900889,sandy clay loam,Slightly alkaline,,,Well,Shallow,Slightly alkaline,Non-saline,Medium,Medium,Medium,Medium,Cumin,Cuminum cyminum,17.0,26.0,9.0,30.0,1200.0,1800.0,800.0,2700.0,5.0,6.5,4.5,8.3,medium (50-150 cm),shallow (20-50 cm),"medium, organic","medium, light",low (<4 dS/m),well (dry spells),4,7,True,0.7967370892018799,7579.4600000000355,8.0,1.5,High risk,11,11,50.1,29268.0,25356.0,866.34,32263.0,29362.0,910.07,22874.0,15271.0,667.61,28135.000000000004,23330.0,829.2,1,Yield-based (real district data)
Rajkot,22.3039,70.8022,26.79673708920188,9379.460000000036,57.78754929577445,19.06287458900889,sandy clay loam,Slightly alkaline,,,Well,Shallow,Slightly alkaline,Non-saline,Medium,Medium,Medium,Medium,Castor,Ricinus communis,20.0,30.0,15.0,39.0,600.0,1000.0,400.0,2000.0,5.0,6.5,4.5,8.0,deep (>>150 cm),shallow (20-50 cm),medium,"heavy, medium, light",low (<4 dS/m),well (dry spells),6,3,True,0.0,8379.460000000036,8.0,1.5,High risk,9,9,52.5,5351.0,8091.0,1512.04,5519.0,12440.0,2254.06,5035.0,14344.0,2848.93,5301.666666666667,11625.0,2205.01,1,Yield-based (real district data)
Rajkot,22.3039,70.8022,26.79673708920188,9379.460000000036,57.78754929577445,19.06287458900889,sandy clay loam,Slightly alkaline,,,Well,Shallow,Slightly alkaline,Non-saline,Medium,Medium,Medium,Medium,Fenugreek,Trigonella foenum-graecum,8.0,27.0,,,400.0,1500.0,,,5.3,8.2,,,,,well-drained loamy soils,,,well-drained,1,4,True,0.0,7879.4600000000355,8.0,0.0,Low risk,5,5,60.0,85.0,155.0,1824.0,,,,,,,85.0,155.0,1824.0,1,Yield-based (real district data)
Sabarkantha,23.5989,72.9661,27.08805164319252,9328.720000000014,50.048964788732334,19.19772428370128,loam,Slightly alkaline,,,Somewhat excessive,Very deep,Slightly alkaline,Non-saline,Low,Low,High,High,Isabgol,Plantago ovata,20.0,35.0,,,500.0,1250.0,,,7.2,7.9,,,medium (50-150 cm),shallow (20-50 cm),high,moderate,,well (dry spells),2,1,True,0.0,8078.720000000014,8.0,0.09999999999999964,Low risk,3,3,59.5,,,,,,,,,,0.0,0.0,0.0,1,Yield-based (real district data)
Sabarkantha,23.5989,72.9661,27.08805164319252,9328.720000000014,50.048964788732334,19.19772428370128,loam,Slightly alkaline,,,Somewhat excessive,Very deep,Slightly alkaline,Non-saline,Low,Low,High,High,Fennel,Foeniculum vulgare,15.0,25.0,6.0,32.0,700.0,1500.0,300.0,2600.0,6.5,7.5,4.8,8.2,medium (50-150 cm),shallow (20-50 cm),high,moderate,low (<4 dS/m),well (dry spells),14,7,True,2.0880516431925216,7828.720000000014,8.0,0.5,High risk,21,21,51.2,,,,,,,,,,1537.3333333333333,2650.333333333333,1701.7966666666664,1,Yield-based (real district data)
Sabarkantha,23.5989,72.9661,27.08805164319252,9328.720000000014,50.048964788732334,19.19772428370128,loam,Slightly alkaline,,,Somewhat excessive,Very deep,Slightly alkaline,Non-saline,Low,Low,High,High,Cumin,Cuminum cyminum,17.0,26.0,9.0,30.0,1200.0,1800.0,800.0,2700.0,5.0,6.5,4.5,8.3,medium (50-150 cm),shallow (20-50 cm),"medium, organic","medium, light",low (<4 dS/m),well (dry spells),4,7,True,1.0880516431925216,7528.720000000014,8.0,1.5,High risk,11,11,49.2,16.0,12.0,779.0,46.0,39.0,842.95,33.0,24.0,721.01,32.0,25.0,789.82,1,Yield-based (real district data)
Sabarkantha,23.5989,72.9661,27.08805164319252,9328.720000000014,50.048964788732334,19.19772428370128,loam,Slightly alkaline,,,Somewhat excessive,Very deep,Slightly alkaline,Non-saline,Low,Low,High,High,Castor,Ricinus communis,20.0,30.0,15.0,39.0,600.0,1000.0,400.0,2000.0,5.0,6.5,4.5,8.0,deep (>>150 cm),shallow (20-50 cm),medium,"heavy, medium, light",low (<4 dS/m),well (dry spells),6,3,True,0.0,8328.720000000014,8.0,1.5,High risk,9,9,52.5,31789.0,71471.0,2248.28,23582.0,54179.0,2297.49,21300.0,44304.0,2079.99,25557.0,56651.333333333336,2208.5866666666666,1,Yield-based (real district data)
Sabarkantha,23.5989,72.9661,27.08805164319252,9328.720000000014,50.048964788732334,19.19772428370128,loam,Slightly alkaline,,,Somewhat excessive,Very deep,Slightly alkaline,Non-saline,Low,Low,High,High,Fenugreek,Trigonella foenum-graecum,8.0,27.0,,,400.0,1500.0,,,5.3,8.2,,,,,well-drained loamy soils,,,well-drained,1,4,True,0.08805164319252157,7828.720000000014,8.0,0.0,Low risk,5,5,59.7,58.0,112.0,1931.0,,,,,,,58.0,112.0,1931.0,1,Yield-based (real district data)
Surat,21.1702,72.8311,27.343089201877905,19328.470000000045,61.59523004694822,18.84739314232037,clay (light),Slightly alkaline,Slight,,Moderately well,Very deep,Normal,Non-saline,High,Medium,High,High,Isabgol,Plantago ovata,20.0,35.0,,,500.0,1250.0,,,7.2,7.9,,,medium (50-150 cm),shallow (20-50 cm),high,moderate,,well (dry spells),2,1,True,0.0,18078.470000000045,7.0,0.20000000000000018,Low risk,3,3,59.0,,,,,,,,,,0.0,0.0,0.0,1,Yield-based (real district data)
Surat,21.1702,72.8311,27.343089201877905,19328.470000000045,61.59523004694822,18.84739314232037,clay (light),Slightly alkaline,Slight,,Moderately well,Very deep,Normal,Non-saline,High,Medium,High,High,Fennel,Foeniculum vulgare,15.0,25.0,6.0,32.0,700.0,1500.0,300.0,2600.0,6.5,7.5,4.8,8.2,medium (50-150 cm),shallow (20-50 cm),high,moderate,low (<4 dS/m),well (dry spells),14,7,True,2.3430892018779055,17828.470000000045,7.0,0.0,High risk,21,21,53.0,,,,,,,,,,0.0,0.0,0.0,1,Yield-based (real district data)
Surat,21.1702,72.8311,27.343089201877905,19328.470000000045,61.59523004694822,18.84739314232037,clay (light),Slightly alkaline,Slight,,Moderately well,Very deep,Normal,Non-saline,High,Medium,High,High,Cumin,Cuminum cyminum,17.0,26.0,9.0,30.0,1200.0,1800.0,800.0,2700.0,5.0,6.5,4.5,8.3,medium (50-150 cm),shallow (20-50 cm),"medium, organic","medium, light",low (<4 dS/m),well (dry spells),4,7,True,1.3430892018779055,17528.470000000045,7.0,0.5,High risk,11,11,53.5,0.0,0.0,0.0,0.0,0.0,0.0,0.0,0.0,0.0,0.0,0.0,0.0,1,Yield-based (real district data)
Surat,21.1702,72.8311,27.343089201877905,19328.470000000045,61.59523004694822,18.84739314232037,clay (light),Slightly alkaline,Slight,,Moderately well,Very deep,Normal,Non-saline,High,Medium,High,High,Castor,Ricinus communis,20.0,30.0,15.0,39.0,600.0,1000.0,400.0,2000.0,5.0,6.5,4.5,8.0,deep (>>150 cm),shallow (20-50 cm),medium,"heavy, medium, light",low (<4 dS/m),well (dry spells),6,3,True,0.0,18328.470000000045,7.0,0.5,High risk,9,9,57.5,11828.0,13780.000000000002,1165.07,13174.0,14650.0,1112.01,14116.0,19726.0,1397.45,13039.333333333334,16052.0,1224.8433333333332,1,Yield-based (real district data)
Surat,21.1702,72.8311,27.343089201877905,19328.470000000045,61.59523004694822,18.84739314232037,clay (light),Slightly alkaline,Slight,,Moderately well,Very deep,Normal,Non-saline,High,Medium,High,High,Fenugreek,Trigonella foenum-graecum,8.0,27.0,,,400.0,1500.0,,,5.3,8.2,,,,,well-drained loamy soils,,,well-drained,1,4,True,0.3430892018779055,17828.470000000045,7.0,0.0,Low risk,5,5,59.0,107.0,205.0,1916.0,,,,,,,107.0,205.0,1916.0,1,Yield-based (real district data)
Surendranagar,22.7271,71.6486,27.68177934272303,9300.490000000034,52.2218943661973,19.134443400657528,sandy clay loam,Moderately alkaline,,,Well,Deep,Slightly alkaline,Non-saline,Medium,Low,High,High,Isabgol,Plantago ovata,20.0,35.0,,,500.0,1250.0,,,7.2,7.9,,,medium (50-150 cm),shallow (20-50 cm),high,moderate,,well (dry spells),2,1,True,0.0,8050.490000000034,8.0,0.09999999999999964,Low risk,3,3,59.5,,,,,,,,,,494.0,394.33,798.15,1,Yield-based (real district data)
Surendranagar,22.7271,71.6486,27.68177934272303,9300.490000000034,52.2218943661973,19.134443400657528,sandy clay loam,Moderately alkaline,,,Well,Deep,Slightly alkaline,Non-saline,Medium,Low,High,High,Fennel,Foeniculum vulgare,15.0,25.0,6.0,32.0,700.0,1500.0,300.0,2600.0,6.5,7.5,4.8,8.2,medium (50-150 cm),shallow (20-50 cm),high,moderate,low (<4 dS/m),well (dry spells),14,7,True,2.681779342723029,7800.490000000034,8.0,0.5,High risk,21,21,49.5,,,,,,,,,,18179.33333333333,33462.0,1837.8266666666664,1,Yield-based (real district data)
Surendranagar,22.7271,71.6486,27.68177934272303,9300.490000000034,52.2218943661973,19.134443400657528,sandy clay loam,Moderately alkaline,,,Well,Deep,Slightly alkaline,Non-saline,Medium,Low,High,High,Cumin,Cuminum cyminum,17.0,26.0,9.0,30.0,1200.0,1800.0,800.0,2700.0,5.0,6.5,4.5,8.3,medium (50-150 cm),shallow (20-50 cm),"medium, organic","medium, light",low (<4 dS/m),well (dry spells),4,7,True,1.6817793427230292,7500.490000000034,8.0,1.5,High risk,11,11,47.5,69348.0,39257.0,566.08,75356.0,55128.0,731.57,47327.0,33620.0,710.37,64010.0,42668.0,666.58,1,Yield-based (real district data)
Surendranagar,22.7271,71.6486,27.68177934272303,9300.490000000034,52.2218943661973,19.134443400657528,sandy clay loam,Moderately alkaline,,,Well,Deep,Slightly alkaline,Non-saline,Medium,Low,High,High,Castor,Ricinus communis,20.0,30.0,15.0,39.0,600.0,1000.0,400.0,2000.0,5.0,6.5,4.5,8.0,deep (>>150 cm),shallow (20-50 cm),medium,"heavy, medium, light",low (<4 dS/m),well (dry spells),6,3,True,0.0,8300.490000000034,8.0,1.5,High risk,9,9,52.5,69725.0,125672.0,1802.39,64889.0,100635.0,1550.88,75013.0,143908.0,1918.44,69875.66666666667,123405.0,1757.236666666667,1,Yield-based (real district data)
Surendranagar,22.7271,71.6486,27.68177934272303,9300.490000000034,52.2218943661973,19.134443400657528,sandy clay loam,Moderately alkaline,,,Well,Deep,Slightly alkaline,Non-saline,Medium,Low,High,High,Fenugreek,Trigonella foenum-graecum,8.0,27.0,,,400.0,1500.0,,,5.3,8.2,,,,,well-drained loamy soils,,,well-drained,1,4,True,0.6817793427230292,7800.490000000034,8.0,0.0,Low risk,5,5,58.0,430.0,804.0,1870.0,,,,,,,430.0,804.0,1870.0,1,Yield-based (real district data)
Tapi,21.111,73.393,27.343089201877905,19328.470000000045,61.59523004694822,18.394581963363148,clay (light),Slightly alkaline,,,Moderately well,Very deep,Normal,Non-saline,High,Medium,High,High,Isabgol,Plantago ovata,20.0,35.0,,,500.0,1250.0,,,7.2,7.9,,,medium (50-150 cm),shallow (20-50 cm),high,moderate,,well (dry spells),2,1,True,0.0,18078.470000000045,7.0,0.20000000000000018,Low risk,3,3,59.0,,,,,,,,,,0.0,0.0,0.0,1,Yield-based (real district data)
Tapi,21.111,73.393,27.343089201877905,19328.470000000045,61.59523004694822,18.394581963363148,clay (light),Slightly alkaline,,,Moderately well,Very deep,Normal,Non-saline,High,Medium,High,High,Fennel,Foeniculum vulgare,15.0,25.0,6.0,32.0,700.0,1500.0,300.0,2600.0,6.5,7.5,4.8,8.2,medium (50-150 cm),shallow (20-50 cm),high,moderate,low (<4 dS/m),well (dry spells),14,7,True,2.3430892018779055,17828.470000000045,7.0,0.0,High risk,21,21,53.0,,,,,,,,,,0.0,0.0,0.0,1,Yield-based (real district data)
Tapi,21.111,73.393,27.343089201877905,19328.470000000045,61.59523004694822,18.394581963363148,clay (light),Slightly alkaline,,,Moderately well,Very deep,Normal,Non-saline,High,Medium,High,High,Cumin,Cuminum cyminum,17.0,26.0,9.0,30.0,1200.0,1800.0,800.0,2700.0,5.0,6.5,4.5,8.3,medium (50-150 cm),shallow (20-50 cm),"medium, organic","medium, light",low (<4 dS/m),well (dry spells),4,7,True,1.3430892018779055,17528.470000000045,7.0,0.5,High risk,11,11,53.5,0.0,0.0,0.0,0.0,0.0,0.0,0.0,0.0,0.0,0.0,0.0,0.0,1,Yield-based (real district data)
Tapi,21.111,73.393,27.343089201877905,19328.470000000045,61.59523004694822,18.394581963363148,clay (light),Slightly alkaline,,,Moderately well,Very deep,Normal,Non-saline,High,Medium,High,High,Castor,Ricinus communis,20.0,30.0,15.0,39.0,600.0,1000.0,400.0,2000.0,5.0,6.5,4.5,8.0,deep (>>150 cm),shallow (20-50 cm),medium,"heavy, medium, light",low (<4 dS/m),well (dry spells),6,3,True,0.0,18328.470000000045,7.0,0.5,High risk,9,9,57.5,22074.0,16924.0,766.72,19586.0,16872.0,861.43,18768.0,17732.0,944.79,20142.666666666668,17176.0,857.6466666666666,1,Yield-based (real district data)
Tapi,21.111,73.393,27.343089201877905,19328.470000000045,61.59523004694822,18.394581963363148,clay (light),Slightly alkaline,,,Moderately well,Very deep,Normal,Non-saline,High,Medium,High,High,Fenugreek,Trigonella foenum-graecum,8.0,27.0,,,400.0,1500.0,,,5.3,8.2,,,,,well-drained loamy soils,,,well-drained,1,4,True,0.3430892018779055,17828.470000000045,7.0,0.0,Low risk,5,5,59.0,108.0,205.0,1898.0,,,,,,,108.0,205.0,1898.0,1,Yield-based (real district data)
Vadodara,22.3072,73.1812,27.481103286385043,11487.060000000023,54.25042253521119,18.77077501174261,loam,Slightly alkaline,,,Well,Very deep,Normal,Non-saline,Medium,Low,High,High,Isabgol,Plantago ovata,20.0,35.0,,,500.0,1250.0,,,7.2,7.9,,,medium (50-150 cm),shallow (20-50 cm),high,moderate,,well (dry spells),2,1,True,0.0,10237.060000000023,7.0,0.20000000000000018,Low risk,3,3,59.0,,,,,,,,,,0.0,0.0,0.0,1,Yield-based (real district data)
Vadodara,22.3072,73.1812,27.481103286385043,11487.060000000023,54.25042253521119,18.77077501174261,loam,Slightly alkaline,,,Well,Very deep,Normal,Non-saline,Medium,Low,High,High,Fennel,Foeniculum vulgare,15.0,25.0,6.0,32.0,700.0,1500.0,300.0,2600.0,6.5,7.5,4.8,8.2,medium (50-150 cm),shallow (20-50 cm),high,moderate,low (<4 dS/m),well (dry spells),14,7,True,2.481103286385043,9987.060000000023,7.0,0.0,High risk,21,21,52.6,,,,,,,,,,36.0,63.0,1777.05,1,Yield-based (real district data)
Vadodara,22.3072,73.1812,27.481103286385043,11487.060000000023,54.25042253521119,18.77077501174261,loam,Slightly alkaline,,,Well,Very deep,Normal,Non-saline,Medium,Low,High,High,Cumin,Cuminum cyminum,17.0,26.0,9.0,30.0,1200.0,1800.0,800.0,2700.0,5.0,6.5,4.5,8.3,medium (50-150 cm),shallow (20-50 cm),"medium, organic","medium, light",low (<4 dS/m),well (dry spells),4,7,True,1.4811032863850428,9687.060000000023,7.0,0.5,High risk,11,11,53.1,12.0,9.0,779.0,0.0,0.0,0.0,42.0,30.0,721.01,27.0,20.0,733.9,1,Yield-based (real district data)
Vadodara,22.3072,73.1812,27.481103286385043,11487.060000000023,54.25042253521119,18.77077501174261,loam,Slightly alkaline,,,Well,Very deep,Normal,Non-saline,Medium,Low,High,High,Castor,Ricinus communis,20.0,30.0,15.0,39.0,600.0,1000.0,400.0,2000.0,5.0,6.5,4.5,8.0,deep (>>150 cm),shallow (20-50 cm),medium,"heavy, medium, light",low (<4 dS/m),well (dry spells),6,3,True,0.0,10487.060000000023,7.0,0.5,High risk,9,9,57.5,27029.000000000004,31571.0,1168.05,28725.0,35535.0,1237.07,27076.0,33400.0,1233.55,27610.0,33502.0,1212.89,1,Yield-based (real district data)
Vadodara,22.3072,73.1812,27.481103286385043,11487.060000000023,54.25042253521119,18.77077501174261,loam,Slightly alkaline,,,Well,Very deep,Normal,Non-saline,Medium,Low,High,High,Fenugreek,Trigonella foenum-graecum,8.0,27.0,,,400.0,1500.0,,,5.3,8.2,,,,,well-drained loamy soils,,,well-drained,1,4,True,0.48110328638504285,9987.060000000023,7.0,0.0,Low risk,5,5,58.6,510.0,882.0,1729.0,,,,,,,510.0,882.0,1729.0,1,Yield-based (real district data)
Valsad,20.5992,72.9342,26.97920422535212,22837.32999999996,63.11019483568094,18.371514795678728,loam,Slightly alkaline,,,Moderately well,Very deep,Normal,Non-saline,High,Medium,High,High,Isabgol,Plantago ovata,20.0,35.0,,,500.0,1250.0,,,7.2,7.9,,,medium (50-150 cm),shallow (20-50 cm),high,moderate,,well (dry spells),2,1,True,0.0,21587.32999999996,7.0,0.20000000000000018,Low risk,3,3,59.0,,,,,,,,,,0.0,0.0,0.0,1,Yield-based (real district data)
Valsad,20.5992,72.9342,26.97920422535212,22837.32999999996,63.11019483568094,18.371514795678728,loam,Slightly alkaline,,,Moderately well,Very deep,Normal,Non-saline,High,Medium,High,High,Fennel,Foeniculum vulgare,15.0,25.0,6.0,32.0,700.0,1500.0,300.0,2600.0,6.5,7.5,4.8,8.2,medium (50-150 cm),shallow (20-50 cm),high,moderate,low (<4 dS/m),well (dry spells),14,7,True,1.9792042253521203,21337.32999999996,7.0,0.0,High risk,21,21,54.1,,,,,,,,,,0.0,0.0,0.0,1,Yield-based (real district data)
Valsad,20.5992,72.9342,26.97920422535212,22837.32999999996,63.11019483568094,18.371514795678728,loam,Slightly alkaline,,,Moderately well,Very deep,Normal,Non-saline,High,Medium,High,High,Cumin,Cuminum cyminum,17.0,26.0,9.0,30.0,1200.0,1800.0,800.0,2700.0,5.0,6.5,4.5,8.3,medium (50-150 cm),shallow (20-50 cm),"medium, organic","medium, light",low (<4 dS/m),well (dry spells),4,7,True,0.9792042253521203,21037.32999999996,7.0,0.5,High risk,11,11,54.6,0.0,0.0,0.0,0.0,0.0,0.0,0.0,0.0,0.0,0.0,0.0,0.0,1,Yield-based (real district data)
Valsad,20.5992,72.9342,26.97920422535212,22837.32999999996,63.11019483568094,18.371514795678728,loam,Slightly alkaline,,,Moderately well,Very deep,Normal,Non-saline,High,Medium,High,High,Castor,Ricinus communis,20.0,30.0,15.0,39.0,600.0,1000.0,400.0,2000.0,5.0,6.5,4.5,8.0,deep (>>150 cm),shallow (20-50 cm),medium,"heavy, medium, light",low (<4 dS/m),well (dry spells),6,3,True,0.0,21837.32999999996,7.0,0.5,High risk,9,9,57.5,23030.0,14641.0,635.74,22584.0,17595.0,779.08,22150.0,14958.000000000002,675.31,22588.0,15731.333333333334,696.71,1,Yield-based (real district data)
Valsad,20.5992,72.9342,26.97920422535212,22837.32999999996,63.11019483568094,18.371514795678728,loam,Slightly alkaline,,,Moderately well,Very deep,Normal,Non-saline,High,Medium,High,High,Fenugreek,Trigonella foenum-graecum,8.0,27.0,,,400.0,1500.0,,,5.3,8.2,,,,,well-drained loamy soils,,,well-drained,1,4,True,0.0,21337.32999999996,7.0,0.0,Low risk,5,5,60.0,31.0,58.0,1871.0,,,,,,,31.0,58.0,1871.0,1,Yield-based (real district data)
