District,Plant,Agri_Year,Yield_kg_ha,Season_Avg_Temp_C,Season_Total_Rainfall_mm,Season_Avg_Humidity_pct
Kutch,Isabgol,2019-20,731.95,25.839850451118526,777.1999999999999,65.54811061673463
Banaskantha,Isabgol,2019-20,1164.48,26.277947966876777,935.47,56.51920729823261
Patan,Isabgol,2019-20,825.31,26.95353633667038,818.38,55.428248393276476
Mehsana,Isabgol,2019-20,825.31,26.734330459770117,939.08,57.29664457421827
Sabarkantha,Isabgol,2019-20,0.0,26.379808769002597,939.02,58.22741252626375
Aravalli,Isabgol,2019-20,0.0,26.379808769002597,939.02,58.22741252626375
Gandhinagar,Isabgol,2019-20,0.0,26.81233744283772,1041.17,59.802591892225934
Ahmedabad,Isabgol,2019-20,825.31,26.81233744283772,1041.17,59.802591892225934
Surendranagar,Isabgol,2019-20,825.31,26.839450655048818,1098.31,61.01885836114201
Morbi,Isabgol,2019-20,825.31,26.652774039055743,884.5600000000001,61.354830119886294
Rajkot,Isabgol,2019-20,0.0,26.159521567173403,1048.21,64.28576446051169
Jamnagar,Isabgol,2019-20,0.0,26.26152329749104,943.12,68.75967772834014
Devbhumi Dwarka,Isabgol,2019-20,0.0,26.14012235817575,1109.59,65.83710990606848
Porbandar,Isabgol,2019-20,0.0,26.563369206525767,1011.1600000000001,74.01297154245458
Junagadh,Isabgol,2019-20,825.31,26.071467525645776,1119.6100000000001,65.75625809541465
Gir Somnath,Isabgol,2019-20,0.0,26.066717587442838,982.8499999999999,69.72569135459152
Amreli,Isabgol,2019-20,825.31,26.326066740823137,1096.87,63.938723859844266
Bhavnagar,Isabgol,2019-20,0.0,26.889539890001235,1179.9199999999998,61.92753772710419
Botad,Isabgol,2019-20,0.0,26.889539890001235,1179.9199999999998,61.92753772710419
Anand,Isabgol,2019-20,0.0,26.696976578914843,1305.89,63.195987269805954
Kheda,Isabgol,2019-20,825.31,26.696976578914843,1305.89,63.195987269805954
Panchmahal,Isabgol,2019-20,0.0,26.2115785440613,1209.4099999999999,61.05677271041898
Mahisagar,Isabgol,2019-20,0.0,26.2115785440613,1209.4099999999999,61.05677271041898
Dahod,Isabgol,2019-20,0.0,25.253799128661473,1267.49,62.52772005932518
Vadodara,Isabgol,2019-20,0.0,26.696976578914843,1305.89,63.195987269805954
Chhota Udepur,Isabgol,2019-20,0.0,26.437091799530346,1448.19,61.94891023977258
Narmada,Isabgol,2019-20,0.0,26.191688851810657,1594.94,63.813063712767274
Bharuch,Isabgol,2019-20,0.0,27.006281269311582,1741.12,65.58293696700038
Surat,Isabgol,2019-20,0.0,26.971177141268075,2034.35,67.18811753800519
Dang,Isabgol,2019-20,0.0,25.642950407860585,1861.68,66.40229158942034
Navsari,Isabgol,2019-20,0.0,26.971177141268075,2034.35,67.18811753800519
Valsad,Isabgol,2019-20,0.0,26.662790168087998,2404.37,68.19392596712396
Tapi,Isabgol,2019-20,0.0,26.971177141268075,2034.35,67.18811753800519
Kutch,Isabgol,2020-21,782.56,25.931136072708654,1106.82,64.54931112391193
Banaskantha,Isabgol,2020-21,625.0,26.766365463389658,1058.08,51.195984318996416
Patan,Isabgol,2020-21,749.34,27.31138645673323,903.05,50.805816884280596
Mehsana,Isabgol,2020-21,749.34,27.08861674347158,1013.59,52.36743900409626
Sabarkantha,Isabgol,2020-21,0.0,26.917650601638503,988.05,52.13314765745008
Aravalli,Isabgol,2020-21,0.0,26.917650601638503,988.05,52.13314765745008
Gandhinagar,Isabgol,2020-21,0.0,27.19443868407578,1060.48,54.544979070660524
Ahmedabad,Isabgol,2020-21,749.34,27.19443868407578,1060.48,54.544979070660524
Surendranagar,Isabgol,2020-21,749.34,27.21407219662058,1113.3899999999999,56.07573335893497
Morbi,Isabgol,2020-21,749.34,26.767030273937532,1084.89,59.13132981310804
Rajkot,Isabgol,2020-21,0.0,26.3167654249872,1208.1200000000001,61.486611751152076
Jamnagar,Isabgol,2020-21,749.34,26.444726318484385,1239.72,66.80002336149514
Devbhumi Dwarka,Isabgol,2020-21,0.0,26.2946026625704,1347.5700000000002,63.05590681003584
Porbandar,Isabgol,2020-21,0.0,26.98924519969278,1308.68,71.22933627752177
Junagadh,Isabgol,2020-21,749.34,26.332964989759343,1235.5600000000002,61.18705158730159
Gir Somnath,Isabgol,2020-21,0.0,26.34512724014337,1211.1599999999999,65.84607994111623
Amreli,Isabgol,2020-21,749.34,26.663997311827956,1114.85,58.518354326676906
Bhavnagar,Isabgol,2020-21,0.0,27.235169226830518,1178.35,56.79114324116744
Botad,Isabgol,2020-21,0.0,27.235169226830518,1178.35,56.79114324116744
Anand,Isabgol,2020-21,0.0,27.208412890424984,1231.7,57.30051043266769
Kheda,Isabgol,2020-21,749.34,27.208412890424984,1231.7,57.30051043266769
Panchmahal,Isabgol,2020-21,749.34,26.839494751664105,1079.1,54.85420730926779
Mahisagar,Isabgol,2020-21,0.0,26.839494751664105,1079.1,54.85420730926779
Dahod,Isabgol,2020-21,0.0,26.0540975422427,1040.94,55.862932155657965
Vadodara,Isabgol,2020-21,0.0,27.208412890424984,1231.7,57.30051043266769
Chhota Udepur,Isabgol,2020-21,0.0,27.08579665898618,1217.8400000000001,56.02263005632361
Narmada,Isabgol,2020-21,0.0,26.81112685611879,1391.4,58.504718509984635
Bharuch,Isabgol,2020-21,0.0,27.37149558371736,1844.32,61.72866065028162
Surat,Isabgol,2020-21,0.0,27.341392537122374,2020.16,63.89088965693804
Dang,Isabgol,2020-21,0.0,26.207404377880184,1797.67,62.45920071684588
Navsari,Isabgol,2020-21,0.0,27.341392537122374,2020.16,63.89088965693804
Valsad,Isabgol,2020-21,0.0,27.055461725550433,2196.38,65.07640508192524
Tapi,Isabgol,2020-21,0.0,27.341392537122374,2020.16,63.89088965693804
Kutch,Isabgol,2021-22,876.03,26.031809075780853,629.4,65.22398489503328
Banaskantha,Isabgol,2021-22,729.0,27.173551779313872,506.26,48.878107910906294
Patan,Isabgol,2021-22,806.57,27.83293029953917,452.03999999999996,48.48079083461342
Mehsana,Isabgol,2021-22,806.57,27.67792517921147,473.24,49.079563876088066
Sabarkantha,Isabgol,2021-22,0.0,27.302010240655402,484.93,49.964027585765486
Aravalli,Isabgol,2021-22,0.0,27.302010240655402,484.93,49.964027585765486
Gandhinagar,Isabgol,2021-22,0.0,27.85026868919611,509.3399999999999,50.77052380952381
Ahmedabad,Isabgol,2021-22,806.57,27.85026868919611,509.3399999999999,50.77052380952381
Surendranagar,Isabgol,2021-22,806.57,27.79687397593446,561.7,53.48493785202253
Morbi,Isabgol,2021-22,806.57,27.150718445980544,628.3000000000001,58.03685951100871
Rajkot,Isabgol,2021-22,0.0,26.583299859190987,779.87,61.066087749615974
Jamnagar,Isabgol,2021-22,0.0,26.460932411674346,794.58,67.50384299795188
Devbhumi Dwarka,Isabgol,2021-22,0.0,26.35975224014337,945.81,63.92185285458269
Porbandar,Isabgol,2021-22,0.0,26.516122631848436,1071.28,74.19080792370711
Junagadh,Isabgol,2021-22,806.57,26.371837237583204,953.74,62.49976516897081
Gir Somnath,Isabgol,2021-22,0.0,26.212232142857143,936.22,67.49976843317972
Amreli,Isabgol,2021-22,806.57,26.802612583205327,823.84,59.23824443164363
Bhavnagar,Isabgol,2021-22,0.0,27.607179723502302,716.99,55.88193753200205
Botad,Isabgol,2021-22,0.0,27.607179723502302,716.99,55.88193753200205
Anand,Isabgol,2021-22,0.0,27.43832962109575,710.12,55.99222766257041
Kheda,Isabgol,2021-22,0.0,27.43832962109575,710.12,55.99222766257041
Panchmahal,Isabgol,2021-22,0.0,26.83358864567332,694.25,54.98374609575013
Mahisagar,Isabgol,2021-22,0.0,26.83358864567332,694.25,54.98374609575013
Dahod,Isabgol,2021-22,0.0,25.777907834101384,867.6700000000001,57.58594246031746
Vadodara,Isabgol,2021-22,0.0,27.43832962109575,710.12,55.99222766257041
Chhota Udepur,Isabgol,2021-22,0.0,26.850940156169997,834.5,57.40256464413722
Narmada,Isabgol,2021-22,0.0,26.474735407066053,980.13,60.22115636200717
Bharuch,Isabgol,2021-22,0.0,27.09005408346134,1282.14,63.47853865847414
Surat,Isabgol,2021-22,0.0,26.921905593958012,1516.59,66.29315796210958
Dang,Isabgol,2021-22,0.0,25.80750083205325,1223.08,63.77979313876088
Navsari,Isabgol,2021-22,0.0,26.921905593958012,1516.59,66.29315796210958
Valsad,Isabgol,2021-22,0.0,26.57823937532002,1725.6499999999999,67.6254211469534
Tapi,Isabgol,2021-22,0.0,26.921905593958012,1516.59,66.29315796210958
Kutch,Fennel,2019-20,1753.45,25.839850451118526,777.1999999999999,65.54811061673463
Kutch,Fennel,2020-21,2326.0,25.931136072708654,1106.82,64.54931112391193
Kutch,Fennel,2021-22,2279.22,26.031809075780853,629.4,65.22398489503328
Banaskantha,Fennel,2019-20,1770.84,26.277947966876777,935.47,56.51920729823261
Banaskantha,Fennel,2020-21,1643.83,26.766365463389658,1058.08,51.195984318996416
Banaskantha,Fennel,2021-22,1301.3,27.173551779313872,506.26,48.878107910906294
Patan,Fennel,2019-20,1542.45,26.95353633667038,818.38,55.428248393276476
Patan,Fennel,2020-21,1419.31,27.31138645673323,903.05,50.805816884280596
Patan,Fennel,2021-22,1606.53,27.83293029953917,452.03999999999996,48.48079083461342
Mehsana,Fennel,2019-20,1610.91,26.734330459770117,939.08,57.29664457421827
Mehsana,Fennel,2020-21,1581.79,27.08861674347158,1013.59,52.36743900409626
Mehsana,Fennel,2021-22,1633.3,27.67792517921147,473.24,49.079563876088066
Sabarkantha,Fennel,2019-20,1730.0,26.379808769002597,939.02,58.22741252626375
Sabarkantha,Fennel,2020-21,1597.6,26.917650601638503,988.05,52.13314765745008
Sabarkantha,Fennel,2021-22,1777.79,27.302010240655402,484.93,49.964027585765486
Aravalli,Fennel,2019-20,1943.2,26.379808769002597,939.02,58.22741252626375
Aravalli,Fennel,2020-21,1757.2,26.917650601638503,988.05,52.13314765745008
Aravalli,Fennel,2021-22,1853.2,27.302010240655402,484.93,49.964027585765486
Gandhinagar,Fennel,2019-20,1778.8,26.81233744283772,1041.17,59.802591892225934
Gandhinagar,Fennel,2020-21,1682.0,27.19443868407578,1060.48,54.544979070660524
Gandhinagar,Fennel,2021-22,1759.2,27.85026868919611,509.3399999999999,50.77052380952381
Ahmedabad,Fennel,2019-20,1753.45,26.81233744283772,1041.17,59.802591892225934
Ahmedabad,Fennel,2020-21,1799.91,27.19443868407578,1060.48,54.544979070660524
Ahmedabad,Fennel,2021-22,1777.79,27.85026868919611,509.3399999999999,50.77052380952381
Surendranagar,Fennel,2019-20,1813.0,26.839450655048818,1098.31,61.01885836114201
Surendranagar,Fennel,2020-21,1907.12,27.21407219662058,1113.3899999999999,56.07573335893497
Surendranagar,Fennel,2021-22,1793.36,27.79687397593446,561.7,53.48493785202253
Morbi,Fennel,2019-20,1483.6,26.652774039055743,884.5600000000001,61.354830119886294
Morbi,Fennel,2020-21,2058.0,26.767030273937532,1084.89,59.13132981310804
Morbi,Fennel,2021-22,2481.0,27.150718445980544,628.3000000000001,58.03685951100871
Rajkot,Fennel,2019-20,0.0,26.159521567173403,1048.21,64.28576446051169
Rajkot,Fennel,2020-21,0.0,26.3167654249872,1208.1200000000001,61.486611751152076
Rajkot,Fennel,2021-22,0.0,26.583299859190987,779.87,61.066087749615974
Jamnagar,Fennel,2019-20,0.0,26.26152329749104,943.12,68.75967772834014
Jamnagar,Fennel,2020-21,0.0,26.444726318484385,1239.72,66.80002336149514
Jamnagar,Fennel,2021-22,0.0,26.460932411674346,794.58,67.50384299795188
Devbhumi Dwarka,Fennel,2019-20,0.0,26.14012235817575,1109.59,65.83710990606848
Devbhumi Dwarka,Fennel,2020-21,0.0,26.2946026625704,1347.5700000000002,63.05590681003584
Devbhumi Dwarka,Fennel,2021-22,0.0,26.35975224014337,945.81,63.92185285458269
Porbandar,Fennel,2019-20,0.0,26.563369206525767,1011.1600000000001,74.01297154245458
Porbandar,Fennel,2020-21,0.0,26.98924519969278,1308.68,71.22933627752177
Porbandar,Fennel,2021-22,0.0,26.516122631848436,1071.28,74.19080792370711
Junagadh,Fennel,2019-20,0.0,26.071467525645776,1119.6100000000001,65.75625809541465
Junagadh,Fennel,2020-21,0.0,26.332964989759343,1235.5600000000002,61.18705158730159
Junagadh,Fennel,2021-22,0.0,26.371837237583204,953.74,62.49976516897081
Gir Somnath,Fennel,2019-20,0.0,26.066717587442838,982.8499999999999,69.72569135459152
Gir Somnath,Fennel,2020-21,0.0,26.34512724014337,1211.1599999999999,65.84607994111623
Gir Somnath,Fennel,2021-22,0.0,26.212232142857143,936.22,67.49976843317972
Amreli,Fennel,2019-20,0.0,26.326066740823137,1096.87,63.938723859844266
Amreli,Fennel,2020-21,1799.91,26.663997311827956,1114.85,58.518354326676906
Amreli,Fennel,2021-22,1777.79,26.802612583205327,823.84,59.23824443164363
Bhavnagar,Fennel,2019-20,0.0,26.889539890001235,1179.9199999999998,61.92753772710419
Bhavnagar,Fennel,2020-21,0.0,27.235169226830518,1178.35,56.79114324116744
Bhavnagar,Fennel,2021-22,1777.79,27.607179723502302,716.99,55.88193753200205
Botad,Fennel,2019-20,1753.45,26.889539890001235,1179.9199999999998,61.92753772710419
Botad,Fennel,2020-21,1799.91,27.235169226830518,1178.35,56.79114324116744
Botad,Fennel,2021-22,1777.79,27.607179723502302,716.99,55.88193753200205
Anand,Fennel,2019-20,0.0,26.696976578914843,1305.89,63.195987269805954
Anand,Fennel,2020-21,0.0,27.208412890424984,1231.7,57.30051043266769
Anand,Fennel,2021-22,0.0,27.43832962109575,710.12,55.99222766257041
Kheda,Fennel,2019-20,1753.45,26.696976578914843,1305.89,63.195987269805954
Kheda,Fennel,2020-21,1534.8,27.208412890424984,1231.7,57.30051043266769
Kheda,Fennel,2021-22,1690.4,27.43832962109575,710.12,55.99222766257041
Panchmahal,Fennel,2019-20,1753.45,26.2115785440613,1209.4099999999999,61.05677271041898
Panchmahal,Fennel,2020-21,1799.91,26.839494751664105,1079.1,54.85420730926779
Panchmahal,Fennel,2021-22,1777.79,26.83358864567332,694.25,54.98374609575013
Mahisagar,Fennel,2019-20,1753.45,26.2115785440613,1209.4099999999999,61.05677271041898
Mahisagar,Fennel,2020-21,1799.91,26.839494751664105,1079.1,54.85420730926779
Mahisagar,Fennel,2021-22,1777.79,26.83358864567332,694.25,54.98374609575013
Dahod,Fennel,2019-20,0.0,25.253799128661473,1267.49,62.52772005932518
Dahod,Fennel,2020-21,0.0,26.0540975422427,1040.94,55.862932155657965
Dahod,Fennel,2021-22,0.0,25.777907834101384,867.6700000000001,57.58594246031746
Vadodara,Fennel,2019-20,1753.45,26.696976578914843,1305.89,63.195987269805954
Vadodara,Fennel,2020-21,1799.91,27.208412890424984,1231.7,57.30051043266769
Vadodara,Fennel,2021-22,1777.79,27.43832962109575,710.12,55.99222766257041
Chhota Udepur,Fennel,2019-20,0.0,26.437091799530346,1448.19,61.94891023977258
Chhota Udepur,Fennel,2020-21,0.0,27.08579665898618,1217.8400000000001,56.02263005632361
Chhota Udepur,Fennel,2021-22,0.0,26.850940156169997,834.5,57.40256464413722
Narmada,Fennel,2019-20,0.0,26.191688851810657,1594.94,63.813063712767274
Narmada,Fennel,2020-21,0.0,26.81112685611879,1391.4,58.504718509984635
Narmada,Fennel,2021-22,0.0,26.474735407066053,980.13,60.22115636200717
Bharuch,Fennel,2019-20,0.0,27.006281269311582,1741.12,65.58293696700038
Bharuch,Fennel,2020-21,0.0,27.37149558371736,1844.32,61.72866065028162
Bharuch,Fennel,2021-22,0.0,27.09005408346134,1282.14,63.47853865847414
Surat,Fennel,2019-20,0.0,26.971177141268075,2034.35,67.18811753800519
Surat,Fennel,2020-21,0.0,27.341392537122374,2020.16,63.89088965693804
Surat,Fennel,2021-22,0.0,26.921905593958012,1516.59,66.29315796210958
Dang,Fennel,2019-20,0.0,25.642950407860585,1861.68,66.40229158942034
Dang,Fennel,2020-21,0.0,26.207404377880184,1797.67,62.45920071684588
Dang,Fennel,2021-22,0.0,25.80750083205325,1223.08,63.77979313876088
Navsari,Fennel,2019-20,0.0,26.971177141268075,2034.35,67.18811753800519
Navsari,Fennel,2020-21,0.0,27.341392537122374,2020.16,63.89088965693804
Navsari,Fennel,2021-22,0.0,26.921905593958012,1516.59,66.29315796210958
Valsad,Fennel,2019-20,0.0,26.662790168087998,2404.37,68.19392596712396
Valsad,Fennel,2020-21,0.0,27.055461725550433,2196.38,65.07640508192524
Valsad,Fennel,2021-22,0.0,26.57823937532002,1725.6499999999999,67.6254211469534
Tapi,Fennel,2019-20,0.0,26.971177141268075,2034.35,67.18811753800519
Tapi,Fennel,2020-21,0.0,27.341392537122374,2020.16,63.89088965693804
Tapi,Fennel,2021-22,0.0,26.921905593958012,1516.59,66.29315796210958
Kutch,Cumin,2019-20,848.05,25.839850451118526,777.1999999999999,65.54811061673463
Banaskantha,Cumin,2019-20,817.6,26.277947966876777,935.47,56.51920729823261
Patan,Cumin,2019-20,521.71,26.95353633667038,818.38,55.428248393276476
Mehsana,Cumin,2019-20,568.87,26.734330459770117,939.08,57.29664457421827
Sabarkantha,Cumin,2019-20,779.0,26.379808769002597,939.02,58.22741252626375
Aravalli,Cumin,2019-20,779.0,26.379808769002597,939.02,58.22741252626375
Gandhinagar,Cumin,2019-20,779.0,26.81233744283772,1041.17,59.802591892225934
Ahmedabad,Cumin,2019-20,607.23,26.81233744283772,1041.17,59.802591892225934
Surendranagar,Cumin,2019-20,566.08,26.839450655048818,1098.31,61.01885836114201
Morbi,Cumin,2019-20,682.17,26.652774039055743,884.5600000000001,61.354830119886294
Rajkot,Cumin,2019-20,866.34,26.159521567173403,1048.21,64.28576446051169
Jamnagar,Cumin,2019-20,833.7,26.26152329749104,943.12,68.75967772834014
Devbhumi Dwarka,Cumin,2019-20,835.12,26.14012235817575,1109.59,65.83710990606848
Porbandar,Cumin,2019-20,1031.83,26.563369206525767,1011.1600000000001,74.01297154245458
Junagadh,Cumin,2019-20,1539.35,26.071467525645776,1119.6100000000001,65.75625809541465
Gir Somnath,Cumin,2019-20,779.0,26.066717587442838,982.8499999999999,69.72569135459152
Amreli,Cumin,2019-20,779.0,26.326066740823137,1096.87,63.938723859844266
Bhavnagar,Cumin,2019-20,779.0,26.889539890001235,1179.9199999999998,61.92753772710419
Botad,Cumin,2019-20,490.73,26.889539890001235,1179.9199999999998,61.92753772710419
Anand,Cumin,2019-20,0.0,26.696976578914843,1305.89,63.195987269805954
Kheda,Cumin,2019-20,779.0,26.696976578914843,1305.89,63.195987269805954
Panchmahal,Cumin,2019-20,0.0,26.2115785440613,1209.4099999999999,61.05677271041898
Mahisagar,Cumin,2019-20,0.0,26.2115785440613,1209.4099999999999,61.05677271041898
Dahod,Cumin,2019-20,0.0,25.253799128661473,1267.49,62.52772005932518
Vadodara,Cumin,2019-20,779.0,26.696976578914843,1305.89,63.195987269805954
Chhota Udepur,Cumin,2019-20,0.0,26.437091799530346,1448.19,61.94891023977258
Narmada,Cumin,2019-20,0.0,26.191688851810657,1594.94,63.813063712767274
Bharuch,Cumin,2019-20,0.0,27.006281269311582,1741.12,65.58293696700038
Surat,Cumin,2019-20,0.0,26.971177141268075,2034.35,67.18811753800519
Dang,Cumin,2019-20,0.0,25.642950407860585,1861.68,66.40229158942034
Navsari,Cumin,2019-20,0.0,26.971177141268075,2034.35,67.18811753800519
Valsad,Cumin,2019-20,0.0,26.662790168087998,2404.37,68.19392596712396
Tapi,Cumin,2019-20,0.0,26.971177141268075,2034.35,67.18811753800519
Kutch,Cumin,2020-21,892.69,25.931136072708654,1106.82,64.54931112391193
Banaskantha,Cumin,2020-21,1045.9,26.766365463389658,1058.08,51.195984318996416
Patan,Cumin,2020-21,803.93,27.31138645673323,903.05,50.805816884280596
Mehsana,Cumin,2020-21,842.95,27.08861674347158,1013.59,52.36743900409626
Sabarkantha,Cumin,2020-21,842.95,26.917650601638503,988.05,52.13314765745008
Aravalli,Cumin,2020-21,842.95,26.917650601638503,988.05,52.13314765745008
Gandhinagar,Cumin,2020-21,842.95,27.19443868407578,1060.48,54.544979070660524
Ahmedabad,Cumin,2020-21,619.42,27.19443868407578,1060.48,54.544979070660524
Surendranagar,Cumin,2020-21,731.57,27.21407219662058,1113.3899999999999,56.07573335893497
Morbi,Cumin,2020-21,703.46,26.767030273937532,1084.89,59.13132981310804
Rajkot,Cumin,2020-21,910.07,26.3167654249872,1208.1200000000001,61.486611751152076
Jamnagar,Cumin,2020-21,953.48,26.444726318484385,1239.72,66.80002336149514
Devbhumi Dwarka,Cumin,2020-21,729.69,26.2946026625704,1347.5700000000002,63.05590681003584
Porbandar,Cumin,2020-21,1084.04,26.98924519969278,1308.68,71.22933627752177
Junagadh,Cumin,2020-21,994.18,26.332964989759343,1235.5600000000002,61.18705158730159
Gir Somnath,Cumin,2020-21,842.95,26.34512724014337,1211.1599999999999,65.84607994111623
Amreli,Cumin,2020-21,450.2,26.663997311827956,1114.85,58.518354326676906
Bhavnagar,Cumin,2020-21,842.95,27.235169226830518,1178.35,56.79114324116744
Botad,Cumin,2020-21,610.8,27.235169226830518,1178.35,56.79114324116744
Anand,Cumin,2020-21,0.0,27.208412890424984,1231.7,57.30051043266769
Kheda,Cumin,2020-21,842.95,27.208412890424984,1231.7,57.30051043266769
Panchmahal,Cumin,2020-21,842.95,26.839494751664105,1079.1,54.85420730926779
Mahisagar,Cumin,2020-21,842.95,26.839494751664105,1079.1,54.85420730926779
Dahod,Cumin,2020-21,0.0,26.0540975422427,1040.94,55.862932155657965
Vadodara,Cumin,2020-21,0.0,27.208412890424984,1231.7,57.30051043266769
Chhota Udepur,Cumin,2020-21,0.0,27.08579665898618,1217.8400000000001,56.02263005632361
Narmada,Cumin,2020-21,0.0,26.81112685611879,1391.4,58.504718509984635
Bharuch,Cumin,2020-21,0.0,27.37149558371736,1844.32,61.72866065028162
Surat,Cumin,2020-21,0.0,27.341392537122374,2020.16,63.89088965693804
Dang,Cumin,2020-21,0.0,26.207404377880184,1797.67,62.45920071684588
Navsari,Cumin,2020-21,0.0,27.341392537122374,2020.16,63.89088965693804
Valsad,Cumin,2020-21,0.0,27.055461725550433,2196.38,65.07640508192524
Tapi,Cumin,2020-21,0.0,27.341392537122374,2020.16,63.89088965693804
Kutch,Cumin,2021-22,888.71,26.031809075780853,629.4,65.22398489503328
Banaskantha,Cumin,2021-22,734.44,27.173551779313872,506.26,48.878107910906294
Patan,Cumin,2021-22,545.68,27.83293029953917,452.03999999999996,48.48079083461342
Mehsana,Cumin,2021-22,721.01,27.67792517921147,473.24,49.079563876088066
Sabarkantha,Cumin,2021-22,721.01,27.302010240655402,484.93,49.964027585765486
Aravalli,Cumin,2021-22,721.01,27.302010240655402,484.93,49.964027585765486
Gandhinagar,Cumin,2021-22,721.01,27.85026868919611,509.3399999999999,50.77052380952381
Ahmedabad,Cumin,2021-22,647.58,27.85026868919611,509.3399999999999,50.77052380952381
Surendranagar,Cumin,2021-22,710.37,27.79687397593446,561.7,53.48493785202253
Morbi,Cumin,2021-22,789.52,27.150718445980544,628.3000000000001,58.03685951100871
Rajkot,Cumin,2021-22,667.61,26.583299859190987,779.87,61.066087749615974
Jamnagar,Cumin,2021-22,833.48,26.460932411674346,794.58,67.50384299795188
Devbhumi Dwarka,Cumin,2021-22,592.03,26.35975224014337,945.81,63.92185285458269
Porbandar,Cumin,2021-22,768.39,26.516122631848436,1071.28,74.19080792370711
Junagadh,Cumin,2021-22,1030.09,26.371837237583204,953.74,62.49976516897081
Gir Somnath,Cumin,2021-22,0.0,26.212232142857143,936.22,67.49976843317972
Amreli,Cumin,2021-22,890.51,26.802612583205327,823.84,59.23824443164363
Bhavnagar,Cumin,2021-22,721.01,27.607179723502302,716.99,55.88193753200205
Botad,Cumin,2021-22,492.31,27.607179723502302,716.99,55.88193753200205
Anand,Cumin,2021-22,721.01,27.43832962109575,710.12,55.99222766257041
Kheda,Cumin,2021-22,721.01,27.43832962109575,710.12,55.99222766257041
Panchmahal,Cumin,2021-22,721.01,26.83358864567332,694.25,54.98374609575013
Mahisagar,Cumin,2021-22,0.0,26.83358864567332,694.25,54.98374609575013
Dahod,Cumin,2021-22,0.0,25.777907834101384,867.6700000000001,57.58594246031746
Vadodara,Cumin,2021-22,721.01,27.43832962109575,710.12,55.99222766257041
Chhota Udepur,Cumin,2021-22,0.0,26.850940156169997,834.5,57.40256464413722
Narmada,Cumin,2021-22,0.0,26.474735407066053,980.13,60.22115636200717
Bharuch,Cumin,2021-22,0.0,27.09005408346134,1282.14,63.47853865847414
Surat,Cumin,2021-22,0.0,26.921905593958012,1516.59,66.29315796210958
Dang,Cumin,2021-22,0.0,25.80750083205325,1223.08,63.77979313876088
Navsari,Cumin,2021-22,0.0,26.921905593958012,1516.59,66.29315796210958
Valsad,Cumin,2021-22,0.0,26.57823937532002,1725.6499999999999,67.6254211469534
Tapi,Cumin,2021-22,0.0,26.921905593958012,1516.59,66.29315796210958
Ahmedabad,Castor,2019-20,1807.83,26.81233744283772,1041.17,59.802591892225934
Amreli,Castor,2019-20,1877.82,26.326066740823137,1096.87,63.938723859844266
Anand,Castor,2019-20,1041.54,26.696976578914843,1305.89,63.195987269805954
Aravalli,Castor,2019-20,1327.48,26.379808769002597,939.02,58.22741252626375
Banaskantha,Castor,2019-20,2395.87,26.277947966876777,935.47,56.51920729823261
Bharuch,Castor,2019-20,886.48,27.006281269311582,1741.12,65.58293696700038
Bhavnagar,Castor,2019-20,1729.12,26.889539890001235,1179.9199999999998,61.92753772710419
Botad,Castor,2019-20,1702.44,26.889539890001235,1179.9199999999998,61.92753772710419
Chhota Udepur,Castor,2019-20,737.57,26.437091799530346,1448.19,61.94891023977258
Dahod,Castor,2019-20,995.15,25.253799128661473,1267.49,62.52772005932518
Dang,Castor,2019-20,787.8,25.642950407860585,1861.68,66.40229158942034
Devbhumi Dwarka,Castor,2019-20,2041.0,26.14012235817575,1109.59,65.83710990606848
Gandhinagar,Castor,2019-20,2330.93,26.81233744283772,1041.17,59.802591892225934
Gir Somnath,Castor,2019-20,1944.24,26.066717587442838,982.8499999999999,69.72569135459152
Jamnagar,Castor,2019-20,2942.34,26.26152329749104,943.12,68.75967772834014
Junagadh,Castor,2019-20,1944.24,26.071467525645776,1119.6100000000001,65.75625809541465
Kheda,Castor,2019-20,1067.49,26.696976578914843,1305.89,63.195987269805954
Kutch,Castor,2019-20,1559.24,25.839850451118526,777.1999999999999,65.54811061673463
Mahisagar,Castor,2019-20,1046.35,26.2115785440613,1209.4099999999999,61.05677271041898
Mehsana,Castor,2019-20,2389.84,26.734330459770117,939.08,57.29664457421827
Morbi,Castor,2019-20,2030.36,26.652774039055743,884.5600000000001,61.354830119886294
Narmada,Castor,2019-20,1034.58,26.191688851810657,1594.94,63.813063712767274
Navsari,Castor,2019-20,873.21,26.971177141268075,2034.35,67.18811753800519
Panchmahal,Castor,2019-20,1246.22,26.2115785440613,1209.4099999999999,61.05677271041898
Patan,Castor,2019-20,1722.52,26.95353633667038,818.38,55.428248393276476
Porbandar,Castor,2019-20,1229.14,26.563369206525767,1011.1600000000001,74.01297154245458
Rajkot,Castor,2019-20,1512.04,26.159521567173403,1048.21,64.28576446051169
Sabarkantha,Castor,2019-20,2248.28,26.379808769002597,939.02,58.22741252626375
Surat,Castor,2019-20,1165.07,26.971177141268075,2034.35,67.18811753800519
Surendranagar,Castor,2019-20,1802.39,26.839450655048818,1098.31,61.01885836114201
Tapi,Castor,2019-20,766.72,26.971177141268075,2034.35,67.18811753800519
Vadodara,Castor,2019-20,1168.05,26.696976578914843,1305.89,63.195987269805954
Valsad,Castor,2019-20,635.74,26.662790168087998,2404.37,68.19392596712396
Ahmedabad,Castor,2020-21,1779.29,27.19443868407578,1060.48,54.544979070660524
Amreli,Castor,2020-21,1880.73,26.663997311827956,1114.85,58.518354326676906
Anand,Castor,2020-21,1017.88,27.208412890424984,1231.7,57.30051043266769
Aravalli,Castor,2020-21,1621.56,26.917650601638503,988.05,52.13314765745008
Banaskantha,Castor,2020-21,2669.23,26.766365463389658,1058.08,51.195984318996416
Bharuch,Castor,2020-21,941.57,27.37149558371736,1844.32,61.72866065028162
Bhavnagar,Castor,2020-21,2026.51,27.235169226830518,1178.35,56.79114324116744
Botad,Castor,2020-21,2188.57,27.235169226830518,1178.35,56.79114324116744
Chhota Udepur,Castor,2020-21,1260.32,27.08579665898618,1217.8400000000001,56.02263005632361
Dahod,Castor,2020-21,1068.04,26.0540975422427,1040.94,55.862932155657965
Dang,Castor,2020-21,1137.3,26.207404377880184,1797.67,62.45920071684588
Devbhumi Dwarka,Castor,2020-21,2060.26,26.2946026625704,1347.5700000000002,63.05590681003584
Gandhinagar,Castor,2020-21,2416.14,27.19443868407578,1060.48,54.544979070660524
Gir Somnath,Castor,2020-21,0.0,26.34512724014337,1211.1599999999999,65.84607994111623
Jamnagar,Castor,2020-21,2871.4,26.444726318484385,1239.72,66.80002336149514
Junagadh,Castor,2020-21,2060.26,26.332964989759343,1235.5600000000002,61.18705158730159
Kheda,Castor,2020-21,1245.66,27.208412890424984,1231.7,57.30051043266769
Kutch,Castor,2020-21,1814.4,25.931136072708654,1106.82,64.54931112391193
Mahisagar,Castor,2020-21,1077.78,26.839494751664105,1079.1,54.85420730926779
Mehsana,Castor,2020-21,2408.48,27.08861674347158,1013.59,52.36743900409626
Morbi,Castor,2020-21,2197.42,26.767030273937532,1084.89,59.13132981310804
Narmada,Castor,2020-21,1077.21,26.81112685611879,1391.4,58.504718509984635
Navsari,Castor,2020-21,810.64,27.341392537122374,2020.16,63.89088965693804
Panchmahal,Castor,2020-21,1249.58,26.839494751664105,1079.1,54.85420730926779
Patan,Castor,2020-21,1913.7,27.31138645673323,903.05,50.805816884280596
Porbandar,Castor,2020-21,0.0,26.98924519969278,1308.68,71.22933627752177
Rajkot,Castor,2020-21,2254.06,26.3167654249872,1208.1200000000001,61.486611751152076
Sabarkantha,Castor,2020-21,2297.49,26.917650601638503,988.05,52.13314765745008
Surat,Castor,2020-21,1112.01,27.341392537122374,2020.16,63.89088965693804
Surendranagar,Castor,2020-21,1550.88,27.21407219662058,1113.3899999999999,56.07573335893497
Tapi,Castor,2020-21,861.43,27.341392537122374,2020.16,63.89088965693804
Vadodara,Castor,2020-21,1237.07,27.208412890424984,1231.7,57.30051043266769
Valsad,Castor,2020-21,779.08,27.055461725550433,2196.38,65.07640508192524
Ahmedabad,Castor,2021-22,1968.31,27.85026868919611,509.3399999999999,50.77052380952381
Amreli,Castor,2021-22,1788.09,26.802612583205327,823.84,59.23824443164363
Anand,Castor,2021-22,1025.9,27.43832962109575,710.12,55.99222766257041
Aravalli,Castor,2021-22,1828.26,27.302010240655402,484.93,49.964027585765486
Banaskantha,Castor,2021-22,2753.7,27.173551779313872,506.26,48.878107910906294
Bharuch,Castor,2021-22,988.66,27.09005408346134,1282.14,63.47853865847414
Bhavnagar,Castor,2021-22,2207.81,27.607179723502302,716.99,55.88193753200205
Botad,Castor,2021-22,2229.68,27.607179723502302,716.99,55.88193753200205
Chhota Udepur,Castor,2021-22,1141.15,26.850940156169997,834.5,57.40256464413722
Dahod,Castor,2021-22,1163.64,25.777907834101384,867.6700000000001,57.58594246031746
Dang,Castor,2021-22,1003.82,25.80750083205325,1223.08,63.77979313876088
Devbhumi Dwarka,Castor,2021-22,0.0,26.35975224014337,945.81,63.92185285458269
Gandhinagar,Castor,2021-22,2323.15,27.85026868919611,509.3399999999999,50.77052380952381
Gir Somnath,Castor,2021-22,2155.42,26.212232142857143,936.22,67.49976843317972
Jamnagar,Castor,2021-22,2950.91,26.460932411674346,794.58,67.50384299795188
Junagadh,Castor,2021-22,2155.42,26.371837237583204,953.74,62.49976516897081
Kheda,Castor,2021-22,1422.08,27.43832962109575,710.12,55.99222766257041
Kutch,Castor,2021-22,1805.65,26.031809075780853,629.4,65.22398489503328
Mahisagar,Castor,2021-22,1276.64,26.83358864567332,694.25,54.98374609575013
Mehsana,Castor,2021-22,2473.93,27.67792517921147,473.24,49.079563876088066
Morbi,Castor,2021-22,3280.27,27.150718445980544,628.3000000000001,58.03685951100871
Narmada,Castor,2021-22,1109.35,26.474735407066053,980.13,60.22115636200717
Navsari,Castor,2021-22,991.69,26.921905593958012,1516.59,66.29315796210958
Panchmahal,Castor,2021-22,1350.46,26.83358864567332,694.25,54.98374609575013
Patan,Castor,2021-22,2090.6,27.83293029953917,452.03999999999996,48.48079083461342
Porbandar,Castor,2021-22,0.0,26.516122631848436,1071.28,74.19080792370711
Rajkot,Castor,2021-22,2848.93,26.583299859190987,779.87,61.066087749615974
Sabarkantha,Castor,2021-22,2079.99,27.302010240655402,484.93,49.964027585765486
Surat,Castor,2021-22,1397.45,26.921905593958012,1516.59,66.29315796210958
Surendranagar,Castor,2021-22,1918.44,27.79687397593446,561.7,53.48493785202253
Tapi,Castor,2021-22,944.79,26.921905593958012,1516.59,66.29315796210958
Vadodara,Castor,2021-22,1233.55,27.43832962109575,710.12,55.99222766257041
Valsad,Castor,2021-22,675.31,26.57823937532002,1725.6499999999999,67.6254211469534
